exposure_us,pwm,white_mean_b,white_mean_g,white_mean_r,white_mean_lum,white_r_over_g,white_b_over_g,white_neutrality_err,white_clipped_frac,object_mean_b,object_mean_g,object_mean_r,object_mean_lum,object_r_over_g,object_b_over_g,object_neutrality_err,object_clipped_frac,frame_mean_lum,frame_sat_frac,noise_white,markers,depth_fill,depth_rms_mm
200,128,18.132352828979492,17.75,19.238969802856445,18.23879051208496,1.0838855504989624,1.021540880203247,0.0838855504989624,0.0,19.170045852661133,23.66404151916504,23.526479721069336,23.110593795776367,0.9941868185997009,0.8100917339324951,0.18990826606750488,0.0,2.5071003437042236,0.0,0.7570168972015381,1,0.3191276041666667,19.208685432352986
400,128,31.683822631835938,31.867647171020508,32.422794342041016,32.01268005371094,1.0174202919006348,0.9942315816879272,0.017420291900634766,0.0,36.255043029785156,41.25489807128906,41.833152770996094,40.85781478881836,1.0140166282653809,0.8788057565689087,0.12119424343109131,0.0,4.099918842315674,0.0,0.8349559307098389,1,0.3802994791666667,21.31803028558724
600,128,47.48897171020508,48.24632263183594,48.89706039428711,48.354557037353516,1.0134878158569336,0.9843024015426636,0.015697598457336426,0.0,53.59789276123047,59.493255615234375,59.987056732177734,58.968833923339844,1.0083000659942627,0.900907039642334,0.09909296035766602,0.0,5.889727592468262,0.0,1.1273813247680664,1,0.4471744791666667,23.485116171535132
800,128,57.411766052246094,58.617645263671875,60.22793960571289,58.96165466308594,1.0274711847305298,0.9794280529022217,0.027471184730529785,0.0,65.78630065917969,71.76793670654297,71.94999694824219,71.14047241210938,1.0025367736816406,0.9166530966758728,0.0833469033241272,0.0,7.170482635498047,0.0,0.8574395775794983,1,0.47420572916666665,22.139084851275822
1000,128,68.29044342041016,69.48896789550781,70.5625,69.67332458496094,1.0154489278793335,0.9827523231506348,0.017247676849365234,0.0,76.99571990966797,83.30204772949219,83.34053802490234,82.59464263916016,1.0004620552062988,0.9242956638336182,0.07570433616638184,0.0,8.480531692504883,0.0,0.9347041845321655,0,0.5011328125,22.220881179667153
1200,128,74.93382263183594,77.34558868408203,77.77941131591797,77.20036315917969,1.0056089162826538,0.9688183069229126,0.031181693077087402,0.0,85.32080078125,91.79417419433594,91.9160385131836,91.09263610839844,1.001327633857727,0.9294794797897339,0.07052052021026611,0.0,9.536962509155273,0.0,0.9867885708808899,0,0.5240364583333333,22.124626716131228
1600,128,89.5257339477539,92.13970947265625,92.53308868408203,91.95933532714844,1.0042693614959717,0.9716302752494812,0.0283697247505188,0.0,101.33768463134766,107.8082504272461,108.8481674194336,107.38153076171875,1.009645938873291,0.9399808049201965,0.06001919507980347,0.0,11.694992065429688,0.0,0.9065823554992676,0,0.5839713541666667,22.88203329107067
1800,128,94.29779052734375,98.0367660522461,98.24264526367188,97.67208099365234,1.0020999908447266,0.9618614912033081,0.038138508796691895,0.0,108.03174591064453,114.37311553955078,115.48503875732422,113.98267364501953,1.0097218751907349,0.944555401802063,0.05544459819793701,0.0,12.62032699584961,0.0,0.8112900853157043,0,0.5657682291666667,23.822062717084513
2400,128,110.85662078857422,113.94485473632812,114.37132263183594,113.7203140258789,1.0037428140640259,0.9728971123695374,0.027102887630462646,0.0,125.98489379882812,132.0068359375,134.81155395507812,132.15895080566406,1.0212467908859253,0.9543815851211548,0.045618414878845215,0.0,15.411429405212402,0.0,0.8051755428314209,0,0.5640885416666667,23.15027575105633
2800,128,120.35662078857422,123.69853210449219,124.82353210449219,123.65392303466797,1.0090947151184082,0.9729834198951721,0.02701658010482788,0.0,138.38522338867188,144.2724151611328,147.46372985839844,144.55548095703125,1.0221201181411743,0.9591939449310303,0.04080605506896973,0.0,17.356788635253906,0.0,0.8224939107894897,0,0.5552604166666667,23.671143735933097
3400,128,134.22793579101562,136.68382263183594,138.46324157714844,136.9359130859375,1.0130184888839722,0.9820323586463928,0.017967641353607178,0.0,153.90191650390625,159.6488800048828,164.5467987060547,160.45822143554688,1.0306793451309204,0.9640024900436401,0.03599750995635986,0.0,19.96551513671875,0.0,0.8461832404136658,0,0.557890625,24.616473389746485
4200,128,151.2169189453125,153.50367736816406,156.3125,154.08282470703125,1.0182980298995972,0.9851028919219971,0.018298029899597168,0.0,175.0706329345703,180.42794799804688,187.78855895996094,182.01803588867188,1.0407953262329102,0.9703077077865601,0.040795326232910156,0.0,23.559619903564453,0.0,0.8684661388397217,0,0.543125,90.76548444877912
5200,128,171.9264678955078,173.1066131591797,176.83824157714844,174.08782958984375,1.0215568542480469,0.9931825399398804,0.021556854248046875,0.0,201.22438049316406,206.04444885253906,217.593017578125,208.94798278808594,1.05604887008667,0.9766066670417786,0.05604887008666992,0.0,27.953262329101562,0.0,1.0081367492675781,1,0.5506510416666667,32.841659542229486
6400,128,195.30514526367188,195.22425842285156,201.4375,197.0912322998047,1.031826138496399,1.0004143714904785,0.031826138496398926,0.0,234.49502563476562,240.1439666748047,246.16123962402344,241.2991485595703,1.0250569581985474,0.9764768481254578,0.025056958198547363,0.2427404272074023,33.1817626953125,0.016223958333333333,1.0533818006515503,1,0.5564192708333333,28.59904304325121
7800,128,225.6764678955078,223.9816131591797,233.67279052734375,227.07249450683594,1.0432677268981934,1.0075669288635254,0.04326772689819336,0.0,251.5425262451172,254.63096618652344,252.21990966796875,253.5579833984375,0.9905311465263367,0.9878709316253662,0.012129068374633789,0.978049020572891,37.63763427734375,0.065166015625,1.3678560256958008,1,0.5496744791666667,112.27783096138317
9600,128,250.25367736816406,254.5514678955078,253.94117736816406,253.87904357910156,0.9976024627685547,0.9831162095069885,0.016883790493011475,0.9669117647058824,252.49807739257812,254.84300231933594,252.16812133789062,253.77586364746094,0.989503800868988,0.9907985329627991,0.010496199131011963,0.9995078255733832,42.0611686706543,0.06934895833333334,0.11303545534610748,1,0.551796875,89.4590573827958
11800,128,250.19117736816406,254.9264678955078,253.9669189453125,254.0997314453125,0.9962359666824341,0.981424868106842,0.01857513189315796,0.9963235294117647,252.77232360839844,254.82159423828125,252.12835693359375,253.78268432617188,0.9894309043884277,0.9919580221176147,0.010569095611572266,0.99970469534403,46.924015045166016,0.07173177083333333,0.034647200256586075,1,0.571171875,116.09809526536255
14600,128,250.73529052734375,254.94485473632812,253.9191131591797,254.15826416015625,0.9959766268730164,0.9834883213043213,0.01651167869567871,0.9889705882352942,252.24505615234375,254.8975830078125,252.1232452392578,253.7656707763672,0.9891158938407898,0.9895937442779541,0.010884106159210205,0.9998523476720149,52.79423141479492,0.07278645833333333,0.03255704417824745,1,0.5574479166666667,124.4412555659665
17800,128,251.0,254.9558868408203,253.3860321044922,254.03550720214844,0.9938426613807678,0.9844840168952942,0.01551598310470581,1.0,252.3088836669922,254.75244140625,252.21754455566406,253.7159423828125,0.9900495409965515,0.9904081225395203,0.009950459003448486,0.9999015651146766,58.85842514038086,0.07338216145833333,0.02930731140077114,0,0.43009114583333335,108.85018282355914
22000,128,251.37132263183594,254.94485473632812,253.1691131591797,254.0065155029297,0.9930347800254822,0.98598313331604,0.014016866683959961,1.0,252.40052795410156,254.67442321777344,252.4220428466797,253.74172973632812,0.9911558628082275,0.991071343421936,0.008928656578063965,0.9998523476720149,66.18730163574219,0.07402018229166667,0.038658495992422104,0,0.5353255208333333,257.71542460157235
27000,128,251.1580810546875,254.9705810546875,253.46324157714844,254.0852508544922,0.9940881729125977,0.9850472807884216,0.01495271921157837,1.0,252.57244873046875,254.5493621826172,253.0586700439453,253.87826538085938,0.9941437840461731,0.9922336935997009,0.007766306400299072,0.9999015651146766,73.97936248779297,0.07463216145833333,0.027191737666726112,0,0.558125,120.31441736157466
33000,128,251.30514526367188,254.93382263183594,253.4044189453125,254.06285095214844,0.9940007925033569,0.9857661724090576,0.014233827590942383,1.0,253.22645568847656,254.19972229003906,253.78924560546875,253.96603393554688,0.9983851909637451,0.996171236038208,0.003828763961791992,1.0,82.50570678710938,0.07541015625,0.023547353222966194,0,0.5784635416666667,144.2648170965146
