t_sec,sat_frac,p99_9,p99,frame_mean_lum,motion,markers
0.006196737289428711,0.0,187.0,183.0,20.624927520751953,1.3344509548611112,1
0.039587974548339844,0.0,187.0,183.0,20.558013916015625,1.2941720920138888,0
0.06099438667297363,0.0,185.0,181.0,20.33070182800293,1.3250813802083334,1
0.09319067001342773,0.0,186.0,182.0,20.433732986450195,1.5064583333333332,0
0.1266636848449707,0.0,187.0,183.0,20.513774871826172,1.7076171875,0
0.1597609519958496,0.0,188.0,183.0,20.467824935913086,1.704670138888889,1
0.19286656379699707,0.0,189.0,184.0,20.46454429626465,1.6231130642361111,0
0.22654223442077637,0.0,190.0,185.0,20.555490493774414,1.5903396267361112,1
0.25980591773986816,0.0,191.0,186.0,20.627439498901367,1.58748046875,1
0.2931356430053711,0.0,192.0,186.0,20.593259811401367,1.5927506510416667,0
0.3262012004852295,0.0,191.0,186.0,20.475303649902344,1.6506749131944445,0
0.35953259468078613,0.0,193.0,187.0,20.520605087280273,1.6701302083333334,0
0.3927285671234131,0.0,193.0,188.0,20.62172508239746,1.695710720486111,0
0.426175594329834,0.0,193.0,188.0,20.582441329956055,1.673166232638889,0
0.4595530033111572,0.0,193.0,189.0,20.61442756652832,1.6339192708333334,0
0.4927101135253906,0.0,195.0,190.0,20.7711124420166,1.655920138888889,1
0.5593774318695068,0.0,194.0,189.0,20.610095977783203,1.9607356770833333,0
0.5929644107818604,0.0,194.0,189.0,20.643104553222656,1.6116981336805556,0
0.6258976459503174,0.0,195.0,190.0,20.77251625061035,1.574802517361111,1
0.6593594551086426,0.0,195.0,190.0,20.760761260986328,1.6126161024305556,1
0.6925015449523926,0.0,195.0,190.0,20.731767654418945,1.6991612413194443,1
0.7259926795959473,0.0,195.0,190.0,20.786649703979492,1.6934928385416668,1
0.7592320442199707,0.0,196.0,191.0,20.902891159057617,1.6590180121527778,1
0.7926075458526611,0.0,196.0,191.0,20.89719009399414,1.6221842447916666,1
0.8262772560119629,0.0,195.0,190.0,20.794166564941406,1.667062717013889,0
0.859248161315918,0.0,195.0,190.0,20.74549674987793,1.6847016059027777,0
0.8922216892242432,0.0,196.0,191.0,20.893827438354492,1.6614485677083333,1
0.925847053527832,0.0,196.0,191.0,20.885150909423828,1.5723307291666666,1
0.958775520324707,0.0,196.0,191.0,20.88597297668457,1.5859548611111112,0
0.9923605918884277,0.0,197.0,192.0,20.976041793823242,1.6611990017361111,0
1.025866985321045,0.0,198.0,193.0,21.08705711364746,1.6943543836805555,0
1.0589063167572021,0.0,197.0,192.0,20.979625701904297,1.6230327690972222,1
1.092397928237915,0.0,196.0,191.0,20.83949089050293,1.5997406684027777,0
1.1254258155822754,0.0,198.0,193.0,21.033658981323242,1.670320095486111,0
1.1590371131896973,0.0,198.0,193.0,21.05381202697754,1.6540299479166667,0
1.192255973815918,0.0,198.0,193.0,21.019283294677734,1.6227973090277779,1
1.225466251373291,0.0,199.0,193.0,21.048450469970703,1.6297146267361111,1
1.2588825225830078,0.0,200.0,194.0,21.122373580932617,1.6477788628472223,1
1.2919580936431885,0.0,200.0,194.0,21.14767837524414,1.6473697916666667,0
1.3252406120300293,0.0,200.0,194.0,21.078310012817383,1.629833984375,0
1.358494758605957,0.0,199.0,193.0,20.910585403442383,1.6697612847222223,0
1.3919756412506104,0.0,201.0,195.0,21.01955223083496,1.6762912326388888,0
1.4252398014068604,0.0,202.0,195.0,21.056884765625,1.6955164930555555,1
1.4585916996002197,0.0,202.0,195.0,20.977205276489258,1.6698882378472222,0
1.4919819831848145,0.0,202.0,195.0,20.969602584838867,1.64466796875,0
1.5253520011901855,0.0,204.0,197.0,21.06315803527832,1.643818359375,0
1.5584888458251953,0.0,204.0,197.0,21.017993927001953,1.6998828125,0
1.591740608215332,0.0,203.0,196.0,20.752933502197266,1.7473415798611112,0
1.6255009174346924,0.0,204.0,197.0,20.862489700317383,1.6631618923611111,0
1.658266544342041,0.0,205.0,198.0,20.866771697998047,1.6008083767361112,0
1.6915698051452637,0.0,205.0,198.0,20.8028507232666,1.6763715277777778,0
1.7249436378479004,0.0,206.0,199.0,20.7595272064209,1.7486903211805556,0
1.7584223747253418,0.0,207.0,200.0,20.74562644958496,1.7204665798611112,0
1.79164719581604,0.0,209.0,201.0,20.772499084472656,1.6386338975694446,0
1.8249328136444092,0.0,210.0,201.0,20.728654861450195,1.688039279513889,0
1.8583300113677979,0.0,209.0,200.0,20.481597900390625,1.7425358072916666,0
1.891216516494751,0.0,210.0,201.0,20.498388290405273,1.6740885416666667,0
1.9244284629821777,0.0,212.0,202.0,20.573139190673828,1.656824001736111,0
1.9577362537384033,0.0,212.0,201.0,20.471363067626953,1.6720496961805555,0
1.991353988647461,0.0,213.0,202.0,20.417142868041992,1.6673480902777778,0
2.0244882106781006,0.0,214.0,203.0,20.459501266479492,1.6265440538194444,0
2.0578835010528564,0.0,216.0,203.0,20.44300079345703,1.7229600694444445,0
2.0911922454833984,0.0,214.0,202.0,20.179304122924805,1.7540169270833332,0
2.124661445617676,0.0,216.0,202.0,20.17159652709961,1.6862879774305555,0
2.158051013946533,0.0,216.0,201.0,20.14789390563965,1.6770486111111111,1
2.1911468505859375,0.0,216.0,199.0,20.07469367980957,1.6755110677083334,0
2.2245309352874756,0.0,216.0,197.0,19.971145629882812,1.683191189236111,0
2.290851593017578,0.0,216.0,190.0,19.855833053588867,1.982849392361111,0
2.3244330883026123,0.0,216.0,186.0,19.836130142211914,1.5650173611111111,0
2.357865571975708,0.0,214.0,181.0,19.578275680541992,1.6341395399305556,1
2.3908021450042725,0.0,212.0,175.0,19.4450626373291,1.7208203125,0
2.424466848373413,0.0,210.0,170.0,19.4760684967041,1.7260210503472222,0
2.457383394241333,0.0,207.0,165.0,19.35752296447754,1.6957758246527779,0
2.4914073944091797,0.0,202.0,160.0,19.223459243774414,1.6975672743055557,0
2.524371385574341,0.0,196.0,157.0,19.169639587402344,1.7359819878472222,1
2.5906362533569336,0.0,185.0,154.0,18.925315856933594,2.0370388454861112,0
2.6241343021392822,0.0,179.0,153.0,18.8232421875,1.672947048611111,0
2.657501697540283,0.0,175.0,153.0,18.84016990661621,1.656056857638889,0
2.690505266189575,0.0,169.0,152.0,18.750839233398438,1.6417296006944444,0
2.7243175506591797,0.0,165.0,152.0,18.67365837097168,1.6357790798611112,0
2.7906007766723633,0.0,157.0,150.0,18.57779884338379,1.9805132378472223,0
2.8238258361816406,0.0,156.0,150.0,18.538597106933594,1.6671896701388889,0
2.8572661876678467,0.0,154.0,149.0,18.36130714416504,1.6841764322916666,0
2.8905093669891357,0.0,153.0,147.0,18.22832679748535,1.6371245659722222,1
2.9238312244415283,0.0,154.0,147.0,18.314546585083008,1.6300802951388889,0
2.9571681022644043,0.0,153.0,147.0,18.2819881439209,1.6566818576388889,1
2.990553379058838,0.0,153.0,147.0,18.199886322021484,1.6663140190972223,0
3.0238473415374756,0.0,153.0,146.0,18.172067642211914,1.6147157118055555,0
3.057135581970215,0.0,153.0,147.0,18.221878051757812,1.5796473524305557,0
3.0902395248413086,0.0,152.0,146.0,18.07781982421875,1.6591959635416667,1
3.1567442417144775,0.0,151.0,146.0,17.97519874572754,1.9721560329861112,0
3.1903440952301025,0.0,151.0,145.0,17.91071128845215,1.604939236111111,1
3.2235348224639893,0.0,151.0,145.0,17.842124938964844,1.623674045138889,1
3.257786512374878,0.0,151.0,145.0,17.775409698486328,1.6573589409722222,0
3.290156602859497,0.0,151.0,145.0,17.75602149963379,1.6328754340277778,0
3.3235604763031006,0.0,151.0,144.0,17.699636459350586,1.629509548611111,1
3.35636830329895,0.0,149.0,144.0,17.550453186035156,1.6038335503472223,1
3.389855146408081,0.0,148.0,143.0,17.399866104125977,1.6249674479166667,1
3.4233882427215576,0.0,149.0,143.0,17.44479751586914,1.633544921875,1
3.4564929008483887,0.0,149.0,143.0,17.4210205078125,1.6374457465277779,0
3.489748954772949,0.0,148.0,143.0,17.329326629638672,1.613659939236111,1
3.5231130123138428,0.0,148.0,143.0,17.280845642089844,1.6242209201388889,0
3.5565977096557617,0.0,148.0,143.0,17.300067901611328,1.6548578559027778,1
3.5899152755737305,0.0,148.0,142.0,17.152929306030273,1.6521788194444444,1
3.62337589263916,0.0,147.0,140.0,16.92148780822754,1.6378678385416667,0
3.656874179840088,0.0,147.0,141.0,17.05792236328125,1.6352615017361112,0
3.6897635459899902,0.0,147.0,140.0,16.984590530395508,1.6525564236111112,1
3.7230982780456543,0.0,147.0,139.0,16.91868782043457,1.6111295572916666,0
3.7562010288238525,0.0,147.0,139.0,16.878002166748047,1.5822591145833333,0
3.7897486686706543,0.0,147.0,138.0,16.844621658325195,1.6721223958333333,0
3.823312520980835,0.0,147.0,137.0,16.777442932128906,1.7170952690972223,0
3.856173038482666,0.0,147.0,135.0,16.639455795288086,1.652333984375,1
3.889467239379883,0.0,146.0,134.0,16.535350799560547,1.6372222222222221,0
3.9263358116149902,0.0,147.0,134.0,16.571151733398438,1.666853298611111,0
3.9596056938171387,0.0,147.0,132.0,16.552757263183594,1.6861295572916666,0
3.992783546447754,0.0,147.0,131.0,16.507431030273438,1.6357855902777778,0
4.02611517906189,0.0,147.0,131.0,16.45497703552246,1.632717013888889,0
4.055836915969849,0.0,147.0,130.0,16.525596618652344,1.6327430555555555,1
4.089090347290039,0.0,147.0,129.0,16.421955108642578,1.6248980034722222,0
4.122626066207886,0.0,146.0,127.0,16.198461532592773,1.6780718315972223,1
4.155825853347778,0.0,147.0,127.0,16.34443473815918,1.6659429253472222,0
4.189456939697266,0.0,147.0,126.0,16.309043884277344,1.639734157986111,0
4.222308397293091,0.0,147.0,124.0,16.261028289794922,1.6498014322916668,0
4.255805730819702,0.0,147.0,123.0,16.23664093017578,1.6829166666666666,0
4.289510488510132,0.0,147.0,122.0,16.262880325317383,1.6604079861111112,0
4.322308540344238,0.0,147.0,121.0,16.2092342376709,1.6414105902777778,0
4.355496168136597,0.0,147.0,119.0,16.074010848999023,1.6666807725694444,0
4.422405004501343,0.0,147.0,118.0,16.117446899414062,1.8686534288194445,0
4.455717086791992,0.0,147.0,117.0,16.126819610595703,1.6139127604166668,1
4.488839626312256,0.0,147.0,115.0,16.11012840270996,1.6379025607638888,0
4.5221943855285645,0.0,147.0,114.0,16.09242057800293,1.6284646267361111,0
4.555370569229126,0.0,147.0,113.0,16.163755416870117,1.6263226996527778,0
4.588878393173218,0.0,147.0,112.0,16.102373123168945,1.6313357204861112,0
4.622233152389526,0.0,146.0,111.0,15.921472549438477,1.6070594618055556,0
4.655377149581909,0.0,147.0,110.0,16.05497169494629,1.6254134114583334,0
4.688808441162109,0.0,147.0,108.0,16.100849151611328,1.6539507378472222,0
4.7220070362091064,0.0,147.0,108.0,16.042959213256836,1.6562282986111112,0
4.755342245101929,0.0,147.0,107.0,16.060150146484375,1.631681857638889,0
4.788715839385986,0.0,147.0,107.0,16.127832412719727,1.6008582899305555,0
4.822237491607666,0.0,147.0,107.0,16.114763259887695,1.680732421875,0
4.8558571338653564,0.0,146.0,108.0,15.991777420043945,1.7012348090277778,1
4.888714790344238,0.0,146.0,108.0,16.0478515625,1.6353233506944445,0
4.921564340591431,0.0,147.0,110.0,16.106565475463867,1.6365874565972223,0
4.955312728881836,0.0,147.0,112.0,16.135610580444336,1.6850412326388888,1
4.988445997238159,0.0,147.0,113.0,16.146400451660156,1.661750217013889,1
5.021899223327637,0.0,147.0,115.0,16.174264907836914,1.634582248263889,0
5.055444002151489,0.0,147.0,116.0,16.23828125,1.641083984375,1
5.121811866760254,0.0,146.0,118.0,16.074970245361328,1.9382693142361112,1
5.155457496643066,0.0,146.0,120.0,16.21328353881836,1.6497254774305556,0
5.188107967376709,0.0,146.0,122.0,16.30419921875,1.7065635850694445,0
5.221479654312134,0.0,146.0,122.0,16.28494644165039,1.6838606770833333,0
5.255102634429932,0.0,147.0,125.0,16.314029693603516,1.6697905815972223,0
5.288398027420044,0.0,147.0,126.01000000000931,16.4224853515625,1.681008029513889,0
5.321512699127197,0.0,147.0,127.0,16.43197250366211,1.6681673177083334,1
5.355123043060303,0.0,146.0,127.0,16.30188751220703,1.6604763454861111,0
5.421522378921509,0.0,147.0,130.0,16.499128341674805,1.9311197916666667,0
5.454602479934692,0.0,147.0,131.0,16.5143985748291,1.6220171440972222,0
5.487914800643921,0.0,146.0,132.0,16.542375564575195,1.6285199652777778,0
5.521239757537842,0.0,147.0,133.0,16.589691162109375,1.707883029513889,0
5.55453896522522,0.0,147.0,134.0,16.66200065612793,1.70677734375,1
5.58783745765686,0.0,146.0,135.0,16.650049209594727,1.6502213541666666,0
5.621443510055542,0.0,146.0,134.0,16.544885635375977,1.6454600694444443,0
5.654428005218506,0.0,146.0,136.0,16.67088508605957,1.6719270833333333,1
5.6877288818359375,0.0,147.0,137.0,16.79435157775879,1.6650965711805557,0
5.721338510513306,0.0,147.0,138.0,16.796159744262695,1.6422601996527777,1
5.754622459411621,0.0,147.0,138.0,16.828218460083008,1.6351334635416668,1
5.787669658660889,0.0,148.0,139.0,16.949893951416016,1.6308355034722222,0
5.821180105209351,0.0,148.0,140.0,16.959293365478516,1.5770366753472222,1
5.854299783706665,0.0,148.0,140.0,16.811201095581055,1.636076388888889,1
5.887509822845459,0.0,150.0,142.0,17.035303115844727,1.726443142361111,1
5.920985221862793,0.0,151.0,142.0100000000093,17.062034606933594,1.6897840711805556,0
5.954269886016846,0.0,152.0,143.0,17.11238670349121,1.680271267361111,0
5.987534999847412,0.0,153.0,144.0,17.17057228088379,1.6603255208333334,0
6.02114462852478,0.0,154.0,145.0,17.231019973754883,1.6494444444444445,1
6.054265022277832,0.0,156.0,146.0,17.28922462463379,1.6679893663194445,1
6.08732795715332,0.0,156.0,146.0,17.256729125976562,1.6933333333333334,1
6.120403051376343,0.0,156.0,147.0,17.237775802612305,1.6569075520833334,1
6.154280424118042,0.0,157.0,148.0,17.369474411010742,1.6363671875,1
6.187289476394653,0.0,158.0,149.0,17.46384048461914,1.6206271701388888,0
6.220494270324707,0.0,158.0,149.0,17.507551193237305,1.713927951388889,0
6.253889322280884,0.0,159.0,150.0,17.54877281188965,1.7102745225694445,1
6.287148714065552,0.0,160.0,151.0,17.660202026367188,1.6626258680555555,0
6.353919744491577,0.0,159.0,149.0,17.499460220336914,1.9475564236111111,1
6.388031482696533,0.0,160.0,151.0,17.71099090576172,1.7260579427083333,0
6.421116352081299,0.0,161.0,151.0,17.760730743408203,1.6954904513888889,0
6.453806400299072,0.0,160.0,151.0,17.756973266601562,1.6510557725694444,0
6.487135171890259,0.0,161.0,151.0,17.79411506652832,1.6752473958333334,0
6.520082950592041,0.0,162.0,152.0,17.876171112060547,1.7030403645833334,0
6.553638696670532,0.0,161.0,153.0,17.916826248168945,1.6756770833333334,0
6.586899995803833,0.0,161.0,152.0,17.835182189941406,1.687907986111111,0
6.620177745819092,0.0,161.0,152.0,17.891698837280273,1.6802332899305557,0
6.653515338897705,0.0,162.0,153.0,18.023714065551758,1.718291015625,0
6.6868438720703125,0.0,162.0,153.0,18.121910095214844,1.7120475260416668,1
6.720196485519409,0.0,161.0,153.0,18.17923355102539,1.688806423611111,0
6.753336429595947,0.0,162.0,154.0,18.23553466796875,1.677873263888889,0
6.786640167236328,0.0,162.0,154.0,18.368789672851562,1.7133474392361112,2
6.820134162902832,0.0,163.0,155.0,18.436660766601562,1.70587890625,0
6.853259801864624,0.0,164.0,154.0,18.2804012298584,1.6498893229166667,1
6.8866047859191895,0.0,170.0,156.0,18.50990867614746,1.6719064670138888,1
6.919975757598877,0.0,178.0,157.0,18.679468154907227,1.7708333333333333,0
6.953341484069824,0.0,185.0,158.0,18.727134704589844,1.7457215711805556,0
6.986426115036011,0.0,191.0,159.0,18.846513748168945,1.7059418402777777,0
7.019996404647827,0.0,197.0,160.0,18.994306564331055,1.7023719618055555,1
7.053224802017212,0.0,201.0,161.0,19.111112594604492,1.7627582465277778,0
7.086398601531982,0.0,203.0,161.0,19.06501007080078,1.756990017361111,1
7.11958646774292,0.0,206.0,166.0,19.25379180908203,1.730166015625,1
7.153113842010498,0.0,206.0,172.0,19.377822875976562,1.7252766927083334,1
7.186206102371216,0.0,206.0,178.0,19.46297264099121,1.6517035590277778,0
7.2195422649383545,0.0,206.0,183.0,19.53880500793457,1.6850336371527779,1
7.252856492996216,0.0,206.0,189.0,19.63595962524414,1.7884852430555556,1
7.286322355270386,0.0,205.0,190.0,19.761308670043945,1.7598643663194444,1
7.319335699081421,0.0,204.0,190.0,19.79808235168457,1.7025748697916667,1
7.353219747543335,0.0,202.0,187.0,19.667726516723633,1.7628363715277777,1
7.386088848114014,0.0,202.0,188.0,19.837385177612305,1.7252376302083334,1
7.419439315795898,0.0,202.0,189.0,19.97372817993164,1.7230425347222222,1
7.454574823379517,0.0,202.0,188.0,19.98455238342285,1.73375,1
7.518863201141357,0.0,202.0,188.0,19.98455238342285,0.0,1
7.5396728515625,0.0,200.0,188.0,20.124671936035156,2.036843532986111,1
7.560475587844849,0.0,200.0,188.0,20.155765533447266,1.6600792100694444,1
7.6194007396698,0.0,197.0,187.0,20.199569702148438,2.0372526041666665,1
7.652666330337524,0.0,196.0,187.0,20.23308563232422,1.7429296875,1
7.686212539672852,0.0,195.0,186.0,20.241039276123047,1.6696549479166667,1
7.71940803527832,0.0,195.0,185.0100000000093,20.27155303955078,1.6745724826388888,1
7.752554655075073,0.0,194.0,185.0,20.281803131103516,1.704006076388889,1
7.786015033721924,0.0,194.0,185.0,20.345054626464844,1.7334461805555557,1
7.819229602813721,0.0,193.0,184.0,20.351030349731445,1.7025944010416667,1
7.852748870849609,0.0,190.0,183.0,20.196300506591797,1.6682606336805557,1
7.8875486850738525,0.0,191.0,183.0,20.3183536529541,1.6145106336805555,1
7.919787883758545,0.0,191.0,183.0,20.454540252685547,1.7016688368055555,1
7.9863340854644775,0.0,189.0,181.0,20.48182487487793,2.0458875868055557,1
8.019521713256836,0.0,189.0,181.0,20.589099884033203,1.6222222222222222,1
8.052407264709473,0.0,188.0,181.0,20.619842529296875,1.6837196180555556,1
8.085474967956543,0.0,186.0,179.0,20.438777923583984,1.729677734375,1
8.15258502960205,0.0,186.0,179.0,20.64466094970703,1.9326888020833333,1
8.185542583465576,0.0,185.0,179.0,20.686038970947266,1.6606597222222221,1
8.219792127609253,0.0,185.0,178.0,20.713804244995117,1.6498003472222222,1
8.252131938934326,0.0,185.0,178.0,20.746498107910156,1.589294704861111,1
8.285397052764893,0.0,184.0,178.0,20.7764892578125,1.6968500434027778,1
8.351982831954956,0.0,181.0,177.0,20.597856521606445,2.0259309895833333,1
8.385224103927612,0.0,181.0,177.0,20.687711715698242,1.6760731336805557,1
8.420798540115356,0.0,182.0,177.0,20.776952743530273,1.6729622395833332,1
8.451483249664307,0.0,181.0,177.0,20.74416732788086,1.6649370659722222,1
8.518376350402832,0.0,181.0,177.0,20.80565643310547,1.9735438368055556,1
8.551538467407227,0.0,181.0,178.0,20.779457092285156,1.6348795572916666,1
8.585079908370972,0.0,180.0,176.0,20.55092430114746,1.6606336805555555,1
8.61851453781128,0.0,181.0,177.0,20.70165252685547,1.6535264756944446,1
8.65188479423523,0.0,181.0,178.0,20.7154483795166,1.7371397569444444,0
8.684847116470337,0.0,181.0,178.0,20.682567596435547,1.7397667100694445,1
8.718389749526978,0.0,182.0,178.0,20.695220947265625,1.6583810763888889,0
8.751833438873291,0.0,183.0,178.0,20.717967987060547,1.6599403211805555,1
8.784781217575073,0.0,183.0,179.0,20.737855911254883,1.7121310763888888,0
8.818135261535645,0.0,183.0,178.0,20.642803192138672,1.6987619357638888,1
8.851805925369263,0.0,183.0,178.0,20.614500045776367,1.660509982638889,1
8.884842157363892,0.0,184.0,179.0,20.68153953552246,1.6455718315972223,2
8.917891263961792,0.0,185.0,179.0,20.701875686645508,1.6512847222222222,0
8.951263666152954,0.0,185.0,179.0,20.71076774597168,1.6130577256944445,1
8.984669923782349,0.0,185.0,179.0,20.692670822143555,1.6908962673611112,1
9.018195390701294,0.0,185.0,180.0,20.737499237060547,1.7035340711805556,1
9.051286458969116,0.0,186.0,179.0,20.735816955566406,1.6942708333333334,0
9.084877490997314,0.0,183.0,178.0,20.504159927368164,1.6820627170138889,2
9.117669820785522,0.0,185.0,179.0,20.61709976196289,1.6346148003472223,1
9.151042461395264,0.0,185.0,179.0,20.712120056152344,1.6396961805555557,2
9.184722661972046,0.0,185.0,179.0,20.64430046081543,1.6646451822916666,0
9.217557668685913,0.0,184.0,178.0,20.652790069580078,1.6708669704861112,1
9.251220464706421,0.0,184.0,178.0,20.6822509765625,1.625334201388889,1
9.28427267074585,0.0,184.0,178.0,20.682504653930664,1.5611284722222223,1
9.317415952682495,0.0,183.0,177.0,20.530736923217773,1.5809624565972222,0
9.350967645645142,0.0,183.0,178.0,20.645023345947266,1.6869422743055555,1
9.38411831855774,0.0,184.0,178.0,20.633018493652344,1.6858702256944444,1
9.417577505111694,0.0,185.0,178.0,20.628938674926758,1.6124967447916667,0
9.451180696487427,0.0,186.0,178.0,20.633363723754883,1.616005859375,1
9.4840407371521,0.0,186.0,178.0,20.625911712646484,1.6930772569444446,0
9.517454862594604,0.0,187.0,179.0,20.649734497070312,1.6835687934027779,1
9.550576448440552,0.0,189.0,179.0,20.640485763549805,1.6414333767361111,1
9.58394193649292,0.0,187.0,179.0,20.461545944213867,1.6340451388888888,1
9.617271900177002,0.0,190.0,180.0,20.574703216552734,1.644904513888889,0
9.651867151260376,0.0,191.0,182.0,20.67099952697754,1.6370193142361111,1
9.683880090713501,0.0,192.0,183.0,20.645719528198242,1.6789225260416667,1
9.717177152633667,0.0,192.0,183.0,20.651464462280273,1.65380859375,0
9.75077509880066,0.0,193.0,184.0,20.72305679321289,1.6468044704861111,1
9.783838987350464,0.0,193.0,185.0,20.71355438232422,1.6609331597222223,0
9.81718635559082,0.0,192.0,184.0,20.54950523376465,1.6369759114583333,0
9.85036563873291,0.0,194.0,186.0,20.71628189086914,1.651652560763889,1
9.883607149124146,0.0,195.0,187.0,20.675813674926758,1.6440494791666667,1
9.917122602462769,0.0,195.0,187.0,20.706552505493164,1.691162109375,1
9.950463771820068,0.0,195.0,188.0,20.714059829711914,1.6545540364583333,0
9.983543395996094,0.0,195.0,188.0,20.709369659423828,1.5812890625,1
10.016912460327148,0.0,196.0,189.0,20.71649169921875,1.6280381944444444,0
10.050233602523804,0.0,196.0,190.0,20.68422508239746,1.7262706163194443,1
10.083473682403564,0.0,195.0,189.0,20.5140438079834,1.6887565104166666,1
10.117175102233887,0.0,196.0,190.0,20.619468688964844,1.629284939236111,1
10.150303602218628,0.0,197.0,191.0,20.719738006591797,1.613406032986111,1
10.216641902923584,0.0,197.0,192.0,20.665115356445312,1.9273003472222223,0
10.250026941299438,0.0,198.0,193.0,20.724254608154297,1.6400401475694444,1
10.283322811126709,0.0,198.0,193.0,20.702356338500977,1.5730946180555556,0
10.316978693008423,0.0,196.0,192.0,20.4910831451416,1.5696983506944444,1
10.34979248046875,0.0,198.0,193.0,20.637311935424805,1.6632638888888889,0
10.383216142654419,0.0,198.0,193.0,20.6098690032959,1.678103298611111,0
10.416489839553833,0.0,197.0,193.0,20.58845329284668,1.6185199652777778,1
10.449874877929688,0.0,198.0,194.0,20.59803009033203,1.5901323784722223,1
10.483219385147095,0.0,197.0,194.0,20.589431762695312,1.6463802083333334,1
10.516576528549194,0.0,198.0,194.0,20.566940307617188,1.6478656684027777,1
10.549894571304321,0.0,197.0,194.0,20.438371658325195,1.6491351996527779,1
10.583303213119507,0.0,197.0,193.0,20.381805419921875,1.6267274305555555,1
10.616225242614746,0.0,197.0,194.0,20.406187057495117,1.6203700086805555,1
10.649544954299927,0.0,198.0,194.0,20.440622329711914,1.6131868489583334,0
10.716373920440674,0.0,197.0,195.0,20.356365203857422,1.8381640625,0
10.749655961990356,0.0,198.0,195.0,20.34562110900879,1.6584375,1
10.783128261566162,0.0,198.0,195.0,20.280515670776367,1.6744487847222222,0
10.816172361373901,0.0,197.0,194.0,20.02806282043457,1.6698133680555556,1
10.849581956863403,0.0,198.0,195.0,20.127864837646484,1.627810329861111,1
10.882757425308228,0.0,198.0,195.0,20.105634689331055,1.6376410590277777,1
10.916207075119019,0.0,198.0,194.0,20.016923904418945,1.6550911458333333,1
10.949402332305908,0.0,198.0,194.0,19.96038818359375,1.6249164496527777,0
10.98284912109375,0.0,198.0,194.0,19.951454162597656,1.595519748263889,1
11.016279697418213,0.0,198.0,194.0,19.876203536987305,1.6008018663194445,1
11.049307823181152,0.0,197.0,194.0,19.735788345336914,1.6624446614583333,1
11.082548379898071,0.0,198.0,194.0,19.68946647644043,1.665588107638889,1
11.115995407104492,0.0,198.0,194.0,19.633573532104492,1.6460015190972221,1
11.149430274963379,0.0,197.0,193.0,19.58323097229004,1.6004188368055556,0
11.182598352432251,0.0,198.0,193.0,19.521806716918945,1.6334787326388889,1
11.21596646308899,0.0,197.0,193.0,19.4265193939209,1.6662825520833333,1
11.249236583709717,0.0,197.0,192.0,19.362545013427734,1.6505219184027777,0
11.282525539398193,0.0,197.0,192.0,19.251998901367188,1.6254242621527777,1
11.315603733062744,0.0,196.0,190.0,19.003496170043945,1.64841796875,0
11.348908185958862,0.0,197.0,190.0,19.04979133605957,1.5974034288194445,1
11.382601499557495,0.0,197.0,190.0,19.026689529418945,1.6108224826388888,1
11.415523767471313,0.0,196.0,189.0,18.892627716064453,1.666796875,0
11.449523210525513,0.0,195.0,188.0,18.7961368560791,1.6832118055555556,0
11.482401847839355,0.0,196.0,188.0,18.739110946655273,1.663505859375,0
11.515743017196655,0.0,195.0,187.0,18.6091365814209,1.649943576388889,1
11.549073219299316,0.0,194.0,186.0,18.40810203552246,1.6179741753472223,0
11.582317352294922,0.0,194.0,186.0,18.418495178222656,1.5786751302083333,0
11.61549973487854,0.0,194.0,185.0,18.308815002441406,1.6113454861111112,0
11.648806095123291,0.0,193.0,185.0,18.216646194458008,1.6127582465277779,1
11.682101726531982,0.0,193.0,184.0,18.142850875854492,1.6010590277777779,0
11.715467691421509,0.0,192.0,183.0,18.03894805908203,1.5821223958333333,1
11.74854063987732,0.0,192.0,183.0,17.915613174438477,1.6361675347222222,0
11.782087326049805,0.0,190.0,180.0,17.716442108154297,1.7106629774305555,1
11.815263271331787,0.0,188.0,179.0,17.523357391357422,1.691808810763889,1
11.848405838012695,0.0,189.0,178.0,17.488054275512695,1.640710720486111,0
11.881599187850952,0.0,189.0,178.0,17.456417083740234,1.623386501736111,0
11.915043592453003,0.0,187.80100000003586,177.0,17.31496810913086,1.6512760416666667,1
11.948356628417969,0.0,186.0,176.0,17.180221557617188,1.6719856770833332,1
11.981619119644165,0.0,186.0,175.0,17.128671646118164,1.6435015190972222,0
12.015180349349976,0.0,185.0,173.0,16.9868221282959,1.6152332899305555,0
12.048535823822021,0.0,183.0,171.0,16.737945556640625,1.64048828125,1
12.081733465194702,0.0,183.0,171.0,16.764984130859375,1.6386197916666667,1
12.115092039108276,0.0,182.0,169.0,16.603750228881836,1.6886903211805555,0
12.148393392562866,0.0,180.0,168.0,16.47274398803711,1.6820518663194444,1
12.18131685256958,0.0,179.0,166.0,16.367050170898438,1.670036892361111,0
12.214925765991211,0.0,178.0,164.0,16.25307273864746,1.6633658854166666,1
12.24819278717041,0.0,177.0,162.0,16.099103927612305,1.6559071180555556,1
12.281269788742065,0.0,176.0,160.0,15.935544967651367,1.6600694444444444,0
12.314634561538696,0.0,174.0,159.0,15.802656173706055,1.6714105902777778,1
12.348160743713379,0.0,173.0,158.0,15.71890926361084,1.6520757378472222,1
12.381247282028198,0.0,172.0,156.0,15.656625747680664,1.6044325086805555,1
12.414467811584473,0.0,171.0,154.0,15.569596290588379,1.557294921875,1
12.447999954223633,0.0,170.0,153.0,15.453079223632812,1.610217013888889,1
12.481229782104492,0.0,169.0,152.0,15.391942977905273,1.6768402777777778,1
12.514410734176636,0.0,167.0,149.0,15.224534034729004,1.7047113715277777,1
12.54781198501587,0.0,164.0,147.0,14.98584270477295,1.6535177951388889,1
12.58133602142334,0.0,164.0,147.0,15.032608985900879,1.5806749131944444,0
12.614331245422363,0.0,163.0,146.0,14.94327163696289,1.6179503038194445,1
12.648029804229736,0.0,161.0,145.0,14.832500457763672,1.6461566840277777,1
12.681260108947754,0.0,161.0,144.0,14.741689682006836,1.647314453125,0
12.714419603347778,0.0,159.80100000003586,143.0,14.6947603225708,1.60810546875,1
12.74856448173523,0.0,158.0,143.0,14.568877220153809,1.6064279513888888,0
12.780883550643921,0.0,158.0,142.0,14.473798751831055,1.587052951388889,0
12.814287185668945,0.0,156.0,141.0,14.434602737426758,1.5751312934027777,0
12.847716808319092,0.0,156.0,140.0,14.350455284118652,1.5921864149305556,1
12.880818367004395,0.0,155.0,139.0,14.32976245880127,1.6243131510416666,1
12.91425347328186,0.0,155.0,138.0,14.298958778381348,1.6602007378472223,0
12.947392225265503,0.0,154.0,137.0,14.260774612426758,1.6529698350694444,1
12.980849504470825,0.0,154.0,136.0,14.267386436462402,1.6120421006944445,0
13.01401400566101,0.0,153.0,135.0,14.216145515441895,1.6161024305555556,1
13.047409057617188,0.0,151.0,133.0,14.077825546264648,1.6677213541666667,0
13.080531120300293,0.0,151.0,134.0,14.182188987731934,1.6417447916666668,0
13.11387324333191,0.0,151.0,134.0,14.203792572021484,1.582116970486111,0
13.147245407104492,0.0,151.0,133.0,14.17134952545166,1.6190418836805556,0
13.18051528930664,0.0,151.0,133.0,14.180502891540527,1.6882204861111112,1
13.213859796524048,0.0,150.0,134.0,14.212188720703125,1.6753819444444444,1
13.247232675552368,0.0,150.0,134.0,14.173501014709473,1.6337825520833333,0
13.280476570129395,0.0,149.0,134.0,14.11535358428955,1.5895930989583333,0
13.347262144088745,0.0,150.0,135.0,14.1846923828125,1.914599609375,1
13.380468845367432,0.0,150.0,136.0,14.2158784866333,1.6248187934027778,2
13.413628578186035,0.0,150.0,136.0,14.236224174499512,1.5904188368055556,0
13.447431564331055,0.0,150.0,137.0,14.253820419311523,1.5727669270833333,0
13.480656623840332,0.0,150.0,138.0,14.262142181396484,1.6513324652777779,0
13.513428926467896,0.0,151.0,138.0,14.242283821105957,1.6954264322916666,1
13.546919822692871,0.0,151.0,138.0,14.19440746307373,1.6302701822916668,0
13.580070495605469,0.0,152.0,139.0,14.29342269897461,1.6012348090277777,0
13.613670587539673,0.0,152.0,140.0,14.392870903015137,1.636179470486111,0
13.646651029586792,0.0,153.0,141.0,14.387877464294434,1.6487836371527778,0
13.680137872695923,0.0,154.0,142.0,14.415596008300781,1.622439236111111,1
13.713481187820435,0.0,155.0,143.0,14.512603759765625,1.594541015625,0
13.746574640274048,0.0,155.0,143.0,14.493083953857422,1.5839171006944444,1
13.780006647109985,0.0,155.0,143.0,14.426575660705566,1.5654427083333333,1
13.81324553489685,0.0,157.0,145.0,14.582687377929688,1.5901801215277778,0
13.846608400344849,0.0,157.0,145.0,14.590364456176758,1.6210199652777777,0
13.87992811203003,0.0,158.0,146.0,14.632587432861328,1.6504828559027778,0
13.913317203521729,0.0,158.0,147.0,14.692334175109863,1.6070594618055556,1
13.94649338722229,0.0,159.0,148.0,14.729208946228027,1.5473589409722222,0
13.97965121269226,0.0,159.0,149.0,14.736936569213867,1.5423567708333332,0
14.013119459152222,0.0,159.0,149.0,14.719961166381836,1.630656467013889,0
14.04633617401123,0.0,160.0,150.0,14.76126766204834,1.6741026475694445,0
14.07952094078064,0.0,161.0,151.0,14.84847354888916,1.6310698784722222,0
14.112865924835205,0.0,162.0,153.0,14.951059341430664,1.5714984809027779,0
14.146240711212158,0.0,162.0,153.0,14.97356128692627,1.5843044704861111,1
14.17943024635315,0.0,164.0,154.0,15.015671730041504,1.6665776909722223,0
14.21307921409607,0.0,165.0,156.0,15.136028289794922,1.7019205729166667,0
14.24628496170044,0.0,165.0,157.0,15.129007339477539,1.6401801215277778,1
14.279564142227173,0.0,165.0,157.0,15.052909851074219,1.5897612847222222,0
14.312759637832642,0.0,167.0,158.0,15.257542610168457,1.6555034722222222,1
14.346112251281738,0.0,167.0,159.0,15.296087265014648,1.6871864149305555,0
14.379339694976807,0.0,168.0,160.0,15.352099418640137,1.6390288628472223,0
14.412822961807251,0.0,168.0,161.0,15.408072471618652,1.607287326388889,0
14.446232318878174,0.0,169.0,162.0,15.50980281829834,1.643454861111111,1
14.479305267333984,0.0,169.0,162.0,15.527546882629395,1.6319205729166666,0
14.51272201538086,0.0,171.0,164.0,15.584274291992188,1.6508897569444445,0
14.545943021774292,0.0,171.0,164.0,15.669426918029785,1.6858127170138888,2
14.579155683517456,0.0,172.0,165.0,15.710797309875488,1.682282986111111,0
14.612793684005737,0.0,173.0,166.0,15.81241512298584,1.6669889322916667,0
14.64581298828125,0.0,174.0,167.0,15.862018585205078,1.6101453993055554,0
14.679378747940063,0.0,174.0,168.0,15.904563903808594,1.6129752604166667,1
14.71237063407898,0.0,175.0,169.0,16.010892868041992,1.6826768663194445,1
14.745851755142212,0.0,175.0,169.0,16.027118682861328,1.69759765625,1
14.779215097427368,0.0,175.0,169.0,15.993988037109375,1.6494249131944445,0
14.812344551086426,0.0,177.0,171.0,16.159507751464844,1.6261024305555556,0
14.845863103866577,0.0,177.0,171.0,16.261592864990234,1.635437282986111,1
14.878939867019653,0.0,178.0,172.0,16.31085205078125,1.70849609375,1
14.912217855453491,0.0,178.0,173.0,16.39851951599121,1.7215483940972223,1
14.945582628250122,0.0,180.0,174.0,16.520469665527344,1.6570323350694445,0
14.97902536392212,0.0,179.0,174.0,16.493162155151367,1.5747059461805555,0
15.012548208236694,0.0,180.0,174.0,16.548677444458008,1.679626736111111,1
15.04558801651001,0.0,180.0,175.0,16.632007598876953,1.7028841145833333,1
15.07859492301941,0.0,182.0,176.0,16.734127044677734,1.6136469184027777,2
15.111832857131958,0.0,182.0,176.0,16.795881271362305,1.5674099392361112,0
15.145340919494629,0.0,183.0,177.0,16.865041732788086,1.6068804253472222,1
15.178651571273804,0.0,183.0,178.0,16.92078971862793,1.628525390625,0
15.211875915527344,0.0,184.0,178.0,16.993383407592773,1.6700108506944444,0
15.245225191116333,0.0,184.0,178.0,16.97098731994629,1.6880750868055556,0
15.278464794158936,0.0,184.0,178.0,17.017797470092773,1.7036968315972223,0
15.312090635299683,0.0,186.0,180.0,17.18846321105957,1.7252853732638889,0
15.345171213150024,0.0,186.0,181.0,17.334821701049805,1.693857421875,1
15.411912441253662,0.0,187.0,182.0,17.447622299194336,1.9467990451388888,1
15.445087194442749,0.0,189.0,183.0,17.612350463867188,1.7613064236111111,0
15.478256940841675,0.0,189.0,183.0,17.574378967285156,1.6753645833333333,1
15.511488676071167,0.0,189.0,183.0,17.58753204345703,1.6020203993055555,1
15.545637607574463,0.0,190.0,184.0,17.7801456451416,1.6243337673611111,1
15.57813549041748,0.0,191.0,184.0,17.832181930541992,1.746765407986111,1
15.611514806747437,0.0,191.0,185.0,17.929336547851562,1.7809418402777777,1
15.644967079162598,0.0,192.0,185.0,18.034730911254883,1.709552951388889,0
15.678378820419312,0.0,192.0,186.0,18.119735717773438,1.6469259982638889,1
15.71148681640625,0.0,192.0,186.0,18.14451026916504,1.7120713975694444,1
15.74484372138977,0.0,193.0,186.0,18.176517486572266,1.7566167534722221,0
15.778220891952515,0.0,193.0,187.0,18.279016494750977,1.7174533420138889,1
15.811357736587524,0.0,194.0,188.0,18.39424705505371,1.7312282986111112,0
15.844582080841064,0.0,195.0,189.0,18.537425994873047,1.7068467881944445,1
15.877894163131714,0.0,195.0,189.0,18.570003509521484,1.6881976996527779,0
15.911303520202637,0.0,196.0,190.0,18.643383026123047,1.7557454427083334,1
15.944467782974243,0.0,197.0,191.0,18.803220748901367,1.7726410590277777,1
15.978069067001343,0.0,197.0,190.0,18.775026321411133,1.6929372829861111,0
16.0113422870636,0.0,197.0,190.0,18.7486515045166,1.6895540364583332,1
16.04458212852478,0.0,199.0,192.0,19.00657081604004,1.7355577256944446,0
16.07764220237732,0.0,199.0,192.0,19.093217849731445,1.7430338541666666,0
16.111465215682983,0.0,199.0,193.0,19.20477294921875,1.7161197916666666,0
16.144463777542114,0.0,200.0,193.0,19.31462860107422,1.7138997395833333,0
16.178070068359375,0.0,201.0,194.0,19.473371505737305,1.7377593315972222,0
16.211272954940796,0.0,201.0,194.0,19.491647720336914,1.686953125,0
16.244327783584595,0.0,201.0,194.0,19.625076293945312,1.6641373697916666,0
16.277423858642578,0.0,202.0,195.0,19.73345947265625,1.7584798177083334,1
16.31093716621399,0.0,202.0,195.0,19.842626571655273,1.7820811631944444,0
16.3442325592041,0.0,203.0,196.0,19.98565673828125,1.710544704861111,0
16.377583265304565,0.0,203.0,196.0,20.072473526000977,1.6746332465277778,0
16.41077947616577,0.0,203.0,197.0,20.173437118530273,1.7683756510416666,0
16.444037199020386,0.0,204.0,198.0,20.356159210205078,1.8428504774305556,0
16.477444410324097,0.0,204.0,197.0,20.351484298706055,1.772800564236111,1
16.510629177093506,0.0,203.0,197.0,20.34649658203125,1.6862673611111112,0
16.54413151741028,0.0,205.0,198.0,20.58014678955078,1.6547721354166667,1
16.577244758605957,0.0,206.0,199.0,20.699420928955078,1.7413465711805556,0
16.610583066940308,0.0,206.0,199.0,20.803340911865234,1.8621614583333332,0
16.64396595954895,0.0,207.0,199.0,20.939590454101562,1.8289008246527778,0
16.678213357925415,0.0,207.0,200.0,21.069427490234375,1.7263389756944445,1
16.710503578186035,0.0,207.0,200.0,21.063079833984375,1.664021267361111,1
16.74391460418701,0.0,207.0,200.0,21.142427444458008,1.7474034288194444,0
16.77709174156189,0.0,207.0,200.0,21.212474822998047,1.7957866753472222,0
16.810356378555298,0.0,208.80100000003586,201.0,21.379966735839844,1.7518522135416668,0
16.84361171722412,0.0,208.0,201.0,21.47686767578125,1.7293977864583334,0
16.877155780792236,0.0,209.0,202.0,21.56722068786621,1.710978732638889,0
16.910242557525635,0.0,209.0,202.0,21.616424560546875,1.700080295138889,0
16.94345760345459,0.0,210.0,202.0,21.711265563964844,1.7579817708333334,1
16.97682523727417,0.0,209.0,202.0,21.70420265197754,1.8153938802083334,0
17.010316133499146,0.0,209.0,202.0,21.71523094177246,1.8208018663194445,0
17.04343271255493,0.0,210.0,203.0,21.934619903564453,1.775263671875,0
17.076830863952637,0.0,211.0,204.0,22.072174072265625,1.7238400607638888,0
17.110108852386475,0.0,211.0,204.0,22.109153747558594,1.7306673177083334,1
17.14352035522461,0.0,211.0,204.0,22.180532455444336,1.7775282118055555,1
17.176856517791748,0.0,213.0,205.0,22.362409591674805,1.8041970486111112,0
17.210075855255127,0.0,212.0,204.0,22.311805725097656,1.7297092013888888,1
17.24330234527588,0.0,211.0,204.0,22.324146270751953,1.6158875868055556,0
17.276480674743652,0.0,213.0,206.0,22.475936889648438,1.733009982638889,1
17.310160160064697,0.0,214.0,206.0,22.567588806152344,1.8678059895833334,0
17.343226671218872,0.0,214.0,206.0,22.654096603393555,1.81263671875,0
17.376594066619873,0.0,214.0,207.0,22.749948501586914,1.696359592013889,0
17.409881114959717,0.0,214.0,207.0,22.802278518676758,1.7073893229166666,0
17.44310688972473,0.0,214.0,206.0,22.828224182128906,1.7902593315972222,0
17.47657084465027,0.0,214.0,206.0,22.817060470581055,1.7846766493055555,0
17.510026454925537,0.0,214.0,206.0,22.86691665649414,1.710549045138889,0
17.54295301437378,0.0,215.0,207.0,22.98015022277832,1.6959049479166666,1
17.576354026794434,0.0,216.0,208.0,23.164026260375977,1.7753309461805555,0
17.609519720077515,0.0,216.0,208.0,23.184846878051758,1.7816959635416667,0
17.642866373062134,0.0,216.0,208.0,23.2431640625,1.7905078125,0
17.67635440826416,0.0,217.0,209.0,23.400117874145508,1.7987608506944444,0
17.709609508514404,0.0,216.0,208.0,23.341928482055664,1.8178266059027777,0
17.74291706085205,0.0,215.0,207.0,23.309106826782227,1.7899598524305556,0
17.776381492614746,0.0,217.0,209.0,23.547046661376953,1.7855815972222222,0
17.809496879577637,0.0,216.0,209.0,23.55362892150879,1.7854079861111112,0
17.842851638793945,0.0,216.0,209.0,23.614330291748047,1.8378634982638888,0
17.87600040435791,0.0,217.0,209.0,23.70166015625,1.8406532118055556,0
17.909396648406982,0.0,217.0,209.0,23.766340255737305,1.7781293402777778,0
17.942572116851807,0.0,216.0,209.0,23.736061096191406,1.688740234375,0
17.975933074951172,0.0,217.0,209.0,23.81486701965332,1.7700889756944445,1
18.009181261062622,0.0,217.0,209.0,23.8536319732666,1.9398470052083334,0
18.04276943206787,0.0,217.0,209.0,23.94933319091797,1.8882204861111112,0
18.07584834098816,0.0,217.0,210.0,24.077190399169922,1.75984375,0
18.109426975250244,0.0,217.0,210.0,24.101959228515625,1.703986545138889,0
18.142292261123657,0.0,217.0,210.0,24.12656021118164,1.7753266059027777,0
18.175947189331055,0.0,218.0,210.0,24.26203727722168,1.8571603732638888,0
18.208909273147583,0.0,217.0,209.0,24.1788330078125,1.8277571614583332,0
18.242406129837036,0.0,216.0,208.0,24.114994049072266,1.7785818142361112,0
18.275562286376953,0.0,218.0,210.0,24.326791763305664,1.7624750434027778,0
18.308998107910156,0.0,217.0,210.0,24.377426147460938,1.7539051649305555,0
18.34236192703247,0.0,217.0,210.0,24.400074005126953,1.8047037760416667,0
18.375614404678345,0.0,218.0,210.0,24.465618133544922,1.866345486111111,0
18.408921241760254,0.0,218.0,210.0,24.52010726928711,1.8728298611111112,0
18.441861152648926,0.0,217.0,210.0,24.470975875854492,1.8090397135416667,0
18.4757239818573,0.0,217.0,210.0,24.525991439819336,1.7544835069444444,0
18.511813402175903,0.0,216.0,209.0,24.456418991088867,1.757175564236111,0
18.542036771774292,0.0,217.0,210.0,24.58623504638672,1.803825954861111,0
18.575382947921753,0.0,217.0,210.0,24.644203186035156,1.8130414496527778,0
18.60835361480713,0.0,217.0,210.0,24.668912887573242,1.7573470052083333,0
18.642255544662476,0.0,217.0,210.0,24.65773582458496,1.6662586805555555,0
18.67536234855652,0.0,218.0,210.0,24.702877044677734,1.680615234375,0
18.741642475128174,0.0,216.0,208.0,24.52043342590332,2.253254123263889,0
18.775418043136597,0.0,217.0,209.0,24.685382843017578,1.825693359375,0
18.808570623397827,0.0,217.0,210.0,24.759502410888672,1.736474609375,0
18.841597080230713,0.0,217.0,210.0,24.746257781982422,1.7839485677083333,0
18.875301361083984,0.0,217.0,210.0,24.755565643310547,1.8726529947916666,0
18.908435821533203,0.0,218.0,210.0,24.83456039428711,1.8617046440972222,0
18.942414045333862,0.0,217.0,209.0,24.738752365112305,1.7619520399305555,0
18.975078582763672,0.0,217.0,209.0,24.69686508178711,1.7342730034722222,0
19.041489362716675,0.0,217.0,210.0,24.757532119750977,2.193129340277778,0
19.07491374015808,0.0,218.0,210.0,24.782363891601562,1.8726215277777778,0
19.108219146728516,0.0,217.0,210.0,24.793195724487305,1.8160828993055556,0
19.141550540924072,0.0,217.0,210.0,24.770580291748047,1.7892491319444443,0
19.174818515777588,0.0,217.0,210.0,24.73685646057129,1.8455891927083334,0
19.208285093307495,0.0,216.0,209.0,24.612871170043945,1.840441623263889,0
19.241422414779663,0.0,216.0,209.0,24.578125,1.8027278645833333,0
19.274604558944702,0.0,217.0,209.0,24.642959594726562,1.81072265625,0
19.30791926383972,0.0,217.0,210.0,24.72320556640625,1.8258615451388889,0
19.341127157211304,0.0,217.0,210.0,24.668607711791992,1.775730251736111,0
19.37452244758606,0.0,217.0,209.0,24.635133743286133,1.8015158420138888,0
19.407849311828613,0.0,218.0,210.0,24.684907913208008,1.9227159288194444,0
19.441450834274292,0.0,216.0,209.0,24.516477584838867,1.8878515625,0
19.47459626197815,0.0,216.0,208.0,24.424728393554688,1.7551443142361112,0
19.507784605026245,0.0,217.0,209.0,24.547183990478516,1.7088335503472223,0
19.54108452796936,0.0,216.0,209.0,24.474870681762695,1.825574001736111,0
19.57489538192749,0.0,216.0,209.0,24.4068660736084,1.9156336805555556,0
19.60760760307312,0.0,216.0,209.0,24.417640686035156,1.8334700520833334,0
19.6412570476532,0.0,216.0,209.0,24.380882263183594,1.7143153211805555,0
19.674299478530884,0.0,216.0,209.0,24.28607177734375,1.6553092447916666,0
19.70749020576477,0.0,215.0,208.0,24.227176666259766,1.8339908854166667,0
19.74064540863037,0.0,215.0,208.0,24.123538970947266,1.9223773871527778,0
19.774300575256348,0.0,215.0,208.0,24.089765548706055,1.8269151475694445,0
19.807558059692383,0.0,215.0,208.0,24.149105072021484,1.7324750434027778,0
19.840946435928345,0.0,215.0,208.0,24.066680908203125,1.7619618055555555,0
19.87463140487671,0.0,214.0,208.0,23.981271743774414,1.8472504340277778,0
19.90725827217102,0.0,215.0,208.0,23.987972259521484,1.8438172743055556,0
19.940475702285767,0.0,214.0,207.0,23.83235740661621,1.7704188368055556,0
19.973918199539185,0.0,212.80100000003586,206.0,23.68756103515625,1.7369249131944444,0
20.007304668426514,0.0,214.0,207.0,23.77032470703125,1.7800455729166667,0
20.04060959815979,0.0,213.0,207.0,23.6644344329834,1.808115234375,0
20.073837518692017,0.0,213.0,207.0,23.60189437866211,1.8109581163194444,0
20.107136487960815,0.0,213.0,207.0,23.556442260742188,1.843615451388889,0
20.14067316055298,0.0,212.0,207.0,23.478424072265625,1.8485796440972222,0
20.174240112304688,0.0,211.0,206.0,23.344270706176758,1.7973328993055555,0
20.20717191696167,0.0,212.0,206.0,23.33809471130371,1.7570030381944444,0
20.240516424179077,0.0,210.0,204.0,23.184614181518555,1.795869140625,0
20.273900032043457,0.0,211.0,205.0,23.161806106567383,1.8193402777777778,0
20.307198524475098,0.0,211.0,205.0,23.16045570373535,1.793263888888889,0
20.34027671813965,0.0,211.0,204.0,23.119009017944336,1.738117404513889,0
20.373642683029175,0.0,210.0,204.0,23.058177947998047,1.6821039496527779,0
20.40701198577881,0.0,210.0,204.0,23.02460289001465,1.8243272569444444,0
20.440422534942627,0.0,209.0,203.0,22.877365112304688,1.9441319444444445,0
20.47322130203247,0.0,208.0,202.0,22.69077491760254,1.8441807725694443,0
20.507019996643066,0.0,209.0,203.0,22.79287338256836,1.7290158420138888,0
20.54027771949768,0.0,209.0,203.0,22.765398025512695,1.757883029513889,0
20.57363247871399,0.0,208.0,202.0,22.666963577270508,1.8511783854166666,0
20.60688352584839,0.0,208.0,202.0,22.60308265686035,1.8516200086805557,0
20.640233039855957,0.0,208.0,202.0,22.586849212646484,1.7716254340277777,0
20.67336678504944,0.0,207.0,201.0,22.462846755981445,1.7302191840277779,0
20.70696210861206,0.0,207.0,201.0,22.371623992919922,1.7456087239583333,0
20.739748239517212,0.0,206.0,200.0,22.243961334228516,1.7885470920138888,0
20.773229837417603,0.0,206.0,200.0,22.258516311645508,1.7883170572916667,0
20.806490182876587,0.0,206.0,200.0,22.192913055419922,1.8055848524305556,0
20.83979320526123,0.0,206.0,200.0,22.153730392456055,1.8307161458333334,0
20.87310767173767,0.0,205.0,200.0,22.042858123779297,1.772587890625,0
20.90628433227539,0.0,205.0,200.0,21.990978240966797,1.7433561197916667,0
20.939592361450195,0.0,204.0,199.0,21.831514358520508,1.762843967013889,0
20.97315287590027,0.0,203.0,198.0,21.654279708862305,1.7775314670138889,0
21.006325721740723,0.0,203.0,198.0,21.685855865478516,1.7463140190972222,0
21.039538860321045,0.0,204.0,199.0,21.707468032836914,1.679382595486111,0
21.07310700416565,0.0,203.0,198.0,21.609281539916992,1.6859071180555556,0
21.10618019104004,0.0,203.0,198.0,21.496397018432617,1.8374858940972223,0
21.13966941833496,0.0,203.0,198.0,21.450578689575195,1.8556011284722222,0
21.172844886779785,0.0,202.0,197.0,21.301563262939453,1.7775325520833334,0
21.206233263015747,0.0,201.0,196.0,21.135963439941406,1.7024913194444444,0
21.23946785926819,0.0,201.0,197.0,21.169593811035156,1.725984157986111,0
21.272863388061523,0.0,201.0,196.0,21.044095993041992,1.7852224392361111,0
21.306098222732544,0.0,200.0,195.0,20.93909454345703,1.7916927083333334,0
21.33927631378174,0.0,200.0,195.0,20.89650535583496,1.7680392795138888,0
21.372663736343384,0.0,200.0,195.0,20.7805118560791,1.7580414496527779,0
21.406614065170288,0.0,199.0,194.0,20.678720474243164,1.6994683159722221,0
21.439277410507202,0.0,199.0,193.0,20.512622833251953,1.7559928385416668,0
21.472734212875366,0.0,197.0,193.0,20.345172882080078,1.8506803385416666,1
21.505669116973877,0.0,197.0,192.0,20.29156494140625,1.8162380642361111,0
21.53934359550476,0.0,198.0,193.0,20.303043365478516,1.7497287326388888,0
21.572414875030518,0.0,197.0,192.0,20.187646865844727,1.7015104166666666,0
21.60603904724121,0.0,197.0,192.0,20.081466674804688,1.7408930121527777,0
21.639269590377808,0.0,197.0,192.0,20.03955841064453,1.7916883680555555,0
21.67236089706421,0.0,195.0,191.0,19.85847282409668,1.800871310763889,0
21.70571804046631,0.0,194.0,190.0,19.6560001373291,1.7542296006944444,0
21.73888874053955,0.0,195.0,190.0,19.716657638549805,1.6847927517361112,0
21.772352695465088,0.0,194.0,190.0,19.611135482788086,1.6592361111111111,0
21.80547857284546,0.0,194.0,189.0,19.498842239379883,1.8024273003472222,0
21.838822841644287,0.0,193.0,189.0,19.405412673950195,1.856609157986111,0
21.8723783493042,0.0,193.0,188.0,19.30508041381836,1.7706553819444444,0
21.905414581298828,0.0,192.0,187.0,19.18056297302246,1.6947265625,0
21.938814401626587,0.0,192.0,187.0,19.109949111938477,1.7192697482638888,0
21.972105026245117,0.0,191.0,186.0,18.93204689025879,1.7906694878472222,0
22.005475759506226,0.0,191.0,186.0,18.846893310546875,1.7647113715277778,0
22.038561582565308,0.0,191.0,186.0,18.81796646118164,1.6934190538194445,0
22.07213807106018,0.0,191.0,186.0,18.751440048217773,1.6636903211805556,0
22.105279445648193,0.0,190.0,185.0,18.67369842529297,1.6969856770833334,0
22.13848328590393,0.0,190.0,185.0,18.644853591918945,1.7197786458333333,0
22.171882390975952,0.0,189.0,184.0,18.563232421875,1.731279296875,0
22.20528554916382,0.0,187.0,183.0,18.37833595275879,1.7005045572916666,0
22.238456964492798,0.0,187.0,183.0,18.439712524414062,1.73662109375,0
22.271799564361572,0.0,187.0,183.0,18.391616821289062,1.765490451388889,0
22.305375337600708,0.0,187.0,182.0,18.304216384887695,1.7321017795138889,0
22.338464736938477,0.0,186.0,182.0,18.2775936126709,1.7008333333333334,0
22.371832370758057,0.0,186.0,182.0,18.235958099365234,1.7231846788194445,0
22.40536880493164,0.0,186.0,181.0,18.134960174560547,1.7408062065972223,0
22.43830394744873,0.0,185.0,180.0,18.06650733947754,1.6717914496527777,0
22.47138524055481,0.0,184.0,179.0,17.95499610900879,1.6653038194444445,0
22.504996061325073,0.0,184.0,179.0,17.953075408935547,1.7567588975694444,0
22.538324117660522,0.0,183.0,178.0,17.881397247314453,1.7991634114583333,0
22.57157611846924,0.0,183.0,178.0,17.848426818847656,1.7477332899305555,0
22.605173587799072,0.0,183.0,177.0,17.77109718322754,1.6509852430555556,0
22.63803219795227,0.0,183.0,177.0,17.72347068786621,1.6817578125,0
22.671443223953247,0.0,181.80100000003586,176.0,17.647499084472656,1.7824077690972222,0
22.705164194107056,0.0,179.0,175.0,17.414817810058594,1.769375,0
22.738126039505005,0.0,180.0,175.0,17.473167419433594,1.6875249565972221,0
22.77130389213562,0.0,180.0,175.0,17.4870662689209,1.6613129340277777,0
22.804483652114868,0.0,179.0,174.0,17.411842346191406,1.7040809461805555,0
22.838650941848755,0.0,179.0,173.0,17.350460052490234,1.7383506944444445,0
22.871268272399902,0.0,178.0,173.0,17.339384078979492,1.7130186631944444,0
22.904593229293823,0.0,178.0,172.0,17.249364852905273,1.6750358072916667,0
22.937551498413086,0.0,177.0,171.0,17.12034034729004,1.6994455295138888,0
23.0045964717865,0.0,176.0,170.0,17.040843963623047,2.013044704861111,0
23.037951469421387,0.0,176.0,169.0,17.0076847076416,1.6544520399305556,0
23.07094407081604,0.0,176.0,169.0,17.024099349975586,1.6373990885416667,1
23.104930639266968,0.0,175.0,168.0,16.938005447387695,1.7201399739583334,0
23.137728929519653,0.0,173.0,168.0,16.875320434570312,1.70267578125,0
23.170964241027832,0.0,173.0,167.0,16.791954040527344,1.6164702690972221,0
23.204204559326172,0.0,171.0,166.0,16.645023345947266,1.6116807725694444,1
23.237504482269287,0.0,171.0,166.0,16.678993225097656,1.6718641493055555,0
23.27067279815674,0.0,171.0,166.0,16.7229061126709,1.6933702256944445,0
23.30424404144287,0.0,171.0,164.0,16.64473533630371,1.6219368489583332,0
23.33737015724182,0.0,170.0,164.0,16.60363006591797,1.5676595052083333,0
23.37064290046692,0.0,170.0,163.0,16.6080379486084,1.651726345486111,0
23.404107332229614,0.0,169.0,162.0,16.53675079345703,1.7118109809027777,0
23.4373140335083,0.0,168.0,161.0,16.396495819091797,1.6653081597222221,0
23.470544815063477,0.0,168.0,161.0,16.471256256103516,1.5751877170138888,0
23.503969192504883,0.0,167.0,161.0,16.393632888793945,1.6115266927083334,0
23.53726887702942,0.0,166.0,160.0,16.353836059570312,1.6970290798611112,0
23.570515632629395,0.0,166.0,159.0,16.341474533081055,1.7028244357638889,0
23.603792190551758,0.0,165.0,158.0,16.29880142211914,1.6519954427083334,0
23.637131452560425,0.0,164.0,157.0,16.216888427734375,1.6640104166666667,1
23.670532941818237,0.0,164.0,156.0,16.159833908081055,1.6695345052083332,0
23.737892150878906,0.0,162.0,154.0,16.055526733398438,1.9506174045138889,0
23.77038288116455,0.0,162.0,154.0,16.106050491333008,1.6249663628472222,0
23.8035569190979,0.0,161.0,153.0,16.068994522094727,1.678271484375,1
23.836923837661743,0.0,161.0,152.0,16.015178680419922,1.6404524739583333,0
23.87037754058838,0.0,160.0,152.0,16.01490592956543,1.6161436631944444,1
23.90356969833374,0.0,159.0,151.0,15.9826078414917,1.700349392361111,0
23.936911582946777,0.0,158.0,149.0,15.823838233947754,1.7091840277777777,0
23.970253705978394,0.0,158.0,149.0,15.891087532043457,1.624640842013889,0
24.003360509872437,0.0,158.0,147.0,15.855859756469727,1.6219878472222222,1
24.036627531051636,0.0,157.0,146.0,15.826445579528809,1.6803754340277777,0
24.070101499557495,0.0,157.0,146.0,15.825520515441895,1.69826171875,0
24.10330104827881,0.0,156.0,145.0,15.79788589477539,1.6619780815972223,0
24.136563777923584,0.0,156.0,145.0,15.773167610168457,1.606574435763889,1
24.16991877555847,0.0,155.0,144.0,15.765466690063477,1.578552517361111,0
24.20324444770813,0.0,155.0,143.0,15.647103309631348,1.6601595052083333,1
24.236549854278564,0.0,155.0,143.0,15.670400619506836,1.7332259114583333,0
24.27000904083252,0.0,156.0,142.0,15.689420700073242,1.667683376736111,0
24.302921295166016,0.0,154.80100000003586,142.0,15.688690185546875,1.5761436631944445,0
24.336469173431396,0.0,156.0,141.0,15.664670944213867,1.6071256510416667,0
24.369844436645508,0.0,156.0,141.0,15.676223754882812,1.6523394097222222,1
24.40342879295349,0.0,156.0,140.0,15.672130584716797,1.6767523871527779,0
24.436432123184204,0.0,155.0,139.0,15.519949913024902,1.6406521267361112,0
24.4695827960968,0.0,157.0,140.0,15.602591514587402,1.5837478298611112,0
24.50341248512268,0.0,158.0,139.0,15.640120506286621,1.6132834201388888,0
24.53645420074463,0.0,158.0,139.0,15.609596252441406,1.6155316840277778,0
24.569478750228882,0.0,158.0,139.0,15.617887496948242,1.645105251736111,0
24.602876663208008,0.0,159.0,139.0,15.636244773864746,1.6557801649305555,0
24.636148691177368,0.0,160.0,139.0,15.635074615478516,1.6102159288194444,1
24.669420957565308,0.0,160.0,138.0,15.57683277130127,1.639031032986111,1
24.70297384262085,0.0,161.0,138.0,15.518284797668457,1.6232845052083333,0
24.736031770706177,0.0,162.0,139.0,15.60335636138916,1.6048003472222223,0
24.769253253936768,0.0,162.0,139.0,15.610548973083496,1.6457259114583334,0
24.802859783172607,0.0,163.0,140.0,15.678719520568848,1.6722710503472222,0
24.8360378742218,0.0,163.0,141.0,15.658682823181152,1.6034385850694444,0
24.86917805671692,0.0,164.0,141.0,15.65330696105957,1.5488161892361112,1
24.902496099472046,0.0,165.0,142.0,15.699071884155273,1.638427734375,0
24.935853004455566,0.0,164.0,142.0,15.562274932861328,1.7254926215277777,0
24.9692599773407,0.0,166.0,144.0,15.66543960571289,1.6783148871527778,1
25.00247311592102,0.0,167.0,145.0,15.76176929473877,1.6095366753472222,1
25.035905122756958,0.0,168.0,146.0,15.745221138000488,1.5741362847222222,1
25.069241285324097,0.0,169.0,147.0,15.767898559570312,1.6901963975694445,0
25.102529048919678,0.0,170.0,149.0,15.840843200683594,1.7007996961805556,1
25.135993480682373,0.0,171.0,151.0,15.86768913269043,1.607775607638889,0
25.168936491012573,0.0,171.0,152.0,15.782134056091309,1.574909939236111,0
25.20223355293274,0.0,172.0,153.0,15.884765625,1.6575249565972223,0
25.23552680015564,0.0,173.0,155.0,15.902585983276367,1.6604079861111112,0
25.268784046173096,0.0,174.0,156.0,15.946335792541504,1.6225802951388888,0
25.30221152305603,0.0,175.0,159.0,16.030744552612305,1.6255750868055556,0
25.33538818359375,0.0,175.0,160.0,16.075450897216797,1.6455425347222221,0
25.36865520477295,0.0,176.0,162.0,16.149816513061523,1.6716851128472223,0
25.402034521102905,0.0,177.0,163.0,16.2705020904541,1.6518901909722221,0
25.435509204864502,0.0,176.0,163.0,16.2104549407959,1.6098296440972222,0
25.46873950958252,0.0,178.0,165.0,16.359960556030273,1.6418012152777777,0
25.501816272735596,0.0,179.0,168.0,16.5528507232666,1.6946571180555556,0
25.535306692123413,0.0,179.0,168.0,16.634029388427734,1.6294563802083333,0
25.568623542785645,0.0,180.0,169.0,16.684478759765625,1.561618923611111,0
25.601812839508057,0.0,181.0,170.0,16.785045623779297,1.595615234375,0
25.6351261138916,0.0,181.0,172.0,16.941789627075195,1.7112076822916666,0
25.668747663497925,0.0,182.0,172.0,16.933515548706055,1.7066927083333334,0
25.702014446258545,0.0,183.0,174.0,17.118040084838867,1.6259971788194445,1
25.735175609588623,0.0,182.0,174.0,17.139741897583008,1.5302430555555555,0
25.768497705459595,0.0,183.0,176.0,17.268281936645508,1.6506684027777778,0
25.801934242248535,0.0,185.0,177.0,17.419450759887695,1.7377018229166667,0
25.8350830078125,0.0,186.0,178.0,17.532535552978516,1.6739659288194444,0
25.86829710006714,0.0,186.0,178.0,17.592906951904297,1.5499945746527777,0
25.90157651901245,0.0,186.0,179.0,17.660749435424805,1.5419259982638889,0
25.934951066970825,0.0,186.0,178.0,17.640172958374023,1.6667371961805555,0
25.968044757843018,0.0,187.0,179.0,17.803871154785156,1.733486328125,0
26.001453399658203,0.0,188.0,180.0,17.975370407104492,1.6491482204861112,1
26.034650802612305,0.0,188.0,181.0,18.076242446899414,1.5594715711805556,0
26.068420886993408,0.0,189.0,182.0,18.135534286499023,1.6192057291666666,0
26.10155487060547,0.0,189.0,183.0,18.240726470947266,1.6758365885416666,0
26.13465929031372,0.0,190.0,184.0,18.386302947998047,1.6627387152777777,0
26.168137550354004,0.0,189.0,183.0,18.325481414794922,1.6055023871527778,1
26.201454401016235,0.0,190.0,184.0,18.45904541015625,1.6470052083333333,0
26.234442234039307,0.0,190.0,185.0,18.567646026611328,1.6476736111111112,0
26.268217086791992,0.0,192.0,185.0,18.65021324157715,1.606486545138889,0
26.301323413848877,0.0,192.0,186.0,18.74399757385254,1.6269813368055555,1
26.334569931030273,0.0,193.0,187.0,18.848392486572266,1.6799186197916667,0
26.36787986755371,0.0,193.0,187.0,18.932655334472656,1.6600032552083333,0
26.40115261077881,0.0,193.0,187.0,18.989286422729492,1.6141221788194444,0
26.434393405914307,0.0,193.0,187.0,18.93343734741211,1.6128754340277778,0
26.467710733413696,0.0,193.0,188.0,19.064929962158203,1.6482573784722223,0
26.500914335250854,0.0,194.0,188.0,19.15618896484375,1.6606911892361111,0
26.53426504135132,0.0,194.0,189.0,19.31307601928711,1.6437586805555555,0
26.56753444671631,0.0,194.0,189.0,19.325458526611328,1.5879568142361111,0
26.601075649261475,0.0,194.0,189.0,19.369508743286133,1.5621549479166668,0
26.634211540222168,0.0,195.0,190.0,19.487363815307617,1.6554242621527777,0
26.668165683746338,0.0,193.0,188.0,19.402942657470703,1.7133615451388888,0
26.701056957244873,0.0,193.0,189.0,19.495922088623047,1.6548090277777778,0
26.73437476158142,0.0,194.0,190.0,19.62840461730957,1.5579177517361111,0
26.767516374588013,0.0,193.0,189.0,19.649871826171875,1.6307508680555556,0
26.800669193267822,0.0,193.0,189.0,19.689632415771484,1.703291015625,0
26.834158420562744,0.0,193.0,189.0,19.775590896606445,1.665595703125,0
26.867331504821777,0.0,193.0,189.0,19.817155838012695,1.547248263888889,0
26.90057921409607,0.0,193.0,188.0,19.753137588500977,1.5174576822916668,0
26.933905124664307,0.0,192.0,188.0,19.730436325073242,1.6111566840277778,1
26.967352628707886,0.0,192.0,188.0,19.848140716552734,1.6389952256944444,0
27.000539541244507,0.0,192.0,188.0,19.86955451965332,1.607021484375,0
27.033865928649902,0.0,192.0,188.0,19.981704711914062,1.6357888454861111,0
27.067232608795166,0.0,192.0,188.0,19.996999740600586,1.6842730034722222,1
27.101019620895386,0.0,192.0,188.0,20.010154724121094,1.664167751736111,0
27.134247064590454,0.0,193.0,188.0,20.088037490844727,1.6118836805555556,0
27.167190551757812,0.0,191.0,187.0,19.97096061706543,1.63658203125,0
27.200289487838745,0.0,191.0,187.0,20.025257110595703,1.6782562934027778,0
27.233510971069336,0.0,192.0,188.0,20.156251907348633,1.6711208767361112,0
27.26710343360901,0.0,192.0,187.0,20.16461181640625,1.5971245659722222,0
27.300421476364136,0.0,191.0,187.0,20.168874740600586,1.5314246961805555,0
27.33341360092163,0.0,192.0,187.0,20.235401153564453,1.6514832899305556,0
27.366938591003418,0.0,192.0,187.0,20.283763885498047,1.7415364583333333,0
27.40023374557495,0.0,190.0,186.0,20.207584381103516,1.6787239583333333,1
27.43342351913452,0.0,191.0,187.0,20.298992156982422,1.5737489149305555,0
27.466829538345337,0.0,190.0,186.0,20.248043060302734,1.617048611111111,0
27.500105381011963,0.0,190.0,186.0,20.275484085083008,1.700009765625,0
27.53337001800537,0.0,190.0,186.0,20.339157104492188,1.6677983940972223,0
27.566907167434692,0.0,190.0,186.0,20.360729217529297,1.588263888888889,0
27.599966526031494,0.0,189.80100000003586,186.0,20.340721130371094,1.5900303819444443,0
27.63329029083252,0.0,189.0,185.0,20.377981185913086,1.6369694010416667,1
27.66652774810791,0.0,188.0,184.0,20.277570724487305,1.6578255208333332,1
27.699881315231323,0.0,188.0,184.0,20.248641967773438,1.64970703125,0
27.733296394348145,0.0,188.0,184.0,20.368886947631836,1.6186338975694445,0
27.76649761199951,0.0,188.0,184.0,20.40604591369629,1.6437641059027779,0
27.799673318862915,0.0,188.0,184.0,20.372421264648438,1.6691764322916667,0
27.83397364616394,0.0,188.0,184.0,20.396581649780273,1.6029730902777777,0
27.866495370864868,0.0,188.0,184.0,20.45067024230957,1.5517024739583334,0
27.899810791015625,0.0,186.0,183.0,20.3365478515625,1.6528667534722221,0
27.93340754508972,0.0,186.0,183.0,20.371929168701172,1.6643001302083333,0
27.966228008270264,0.0,186.0,182.0,20.33718490600586,1.5953276909722223,1
27.99958109855652,0.0,186.0,182.0,20.395923614501953,1.5307259114583334,0
28.032889127731323,0.0,186.0,182.0,20.416597366333008,1.5979546440972223,0
28.06638264656067,0.0,186.0,183.0,20.463254928588867,1.690087890625,0
28.099467039108276,0.0,186.0,183.0,20.4453182220459,1.65693359375,2
28.13294529914856,0.0,186.0,183.0,20.45012664794922,1.5822026909722222,1
28.166038513183594,0.0,186.0,182.0,20.36248016357422,1.5873155381944444,0
28.19920587539673,0.0,187.0,182.0,20.320165634155273,1.6655490451388888,0
28.232608556747437,0.0,188.0,184.0,20.432188034057617,1.692490234375,0
28.26603412628174,0.0,189.0,185.0,20.526611328125,1.6182172309027778,0
28.3029568195343,0.0,190.0,185.0,20.505643844604492,1.5471473524305555,1
28.332343339920044,0.0,190.0,186.0,20.50576400756836,1.63845703125,1
28.365928649902344,0.0,192.0,187.0,20.595476150512695,1.6710199652777777,0
28.399299144744873,0.0,192.0,187.0,20.53083038330078,1.6636284722222223,0
28.432459831237793,0.0,192.0,187.0,20.49789047241211,1.6319769965277777,0
28.465858697891235,0.0,193.0,188.0,20.616748809814453,1.6920789930555555,1
28.49900460243225,0.0,193.0,188.0,20.615816116333008,1.6947960069444445,0
28.532548666000366,0.0,194.0,189.0,20.623918533325195,1.6283246527777777,1
28.56547498703003,0.0,194.0,190.0,20.685598373413086,1.5889887152777777,0
28.599003314971924,0.0,194.0,190.0,20.69312858581543,1.6549609375,1
28.632328033447266,0.0,194.0,190.0,20.68429946899414,1.6823155381944443,0
28.6657817363739,0.0,194.0,189.0,20.61901092529297,1.5973546006944443,0
28.69880700111389,0.0,194.0,189.0,20.61514663696289,1.5252897135416668,0
28.732280015945435,0.0,194.0,190.0,20.675275802612305,1.6701323784722222,0
28.765657424926758,0.0,196.0,190.0,20.792470932006836,1.7727072482638888,0
28.865283489227295,0.0,196.0,190.0,20.792470932006836,0.0,0
28.889645099639893,0.0,196.0,191.0,20.862991333007812,2.119040798611111,1
28.914581537246704,0.0,196.0,190.0,20.826913833618164,1.69564453125,1
28.936273097991943,0.0,195.0,190.0,20.7459659576416,1.702273220486111,0
28.99864172935486,0.0,196.0,192.0,20.88947296142578,1.8439898003472222,0
29.032118797302246,0.0,197.0,192.0,20.899717330932617,1.5961577690972222,0
29.06536889076233,0.0,197.0,192.0,20.9396915435791,1.6700347222222223,0
29.098581314086914,0.0,197.0,193.0,20.963294982910156,1.6763519965277778,0
29.132041454315186,0.0,197.0,193.0,20.956787109375,1.6034581163194443,0
29.165333032608032,0.0,197.0,193.0,20.983333587646484,1.586240234375,0
29.19848108291626,0.0,198.0,193.0,20.9399356842041,1.6566167534722223,0
29.23165988922119,0.0,198.0,193.0,20.971351623535156,1.6550065104166667,0
29.26533269882202,0.0,199.0,193.0,21.048677444458008,1.6216037326388888,0
29.29829168319702,0.0,199.0,194.0,21.05390739440918,1.645359157986111,1
29.331450700759888,0.0,200.0,194.0,21.047203063964844,1.6616384548611112,0
29.364837646484375,0.0,201.0,194.0,21.09609603881836,1.6067176649305555,0
29.398294687271118,0.0,200.0,194.0,21.0372314453125,1.6127332899305555,0
29.431482553482056,0.0,200.0,194.0,20.9066219329834,1.6906434461805555,0
29.46482515335083,0.0,202.0,195.0,21.01044464111328,1.7159602864583334,0
29.49838876724243,0.0,202.0,195.0,21.010299682617188,1.6549598524305555,0
29.531240701675415,0.0,202.0,195.0,20.969432830810547,1.6394563802083333,1
29.56455683708191,0.0,203.0,196.0,20.970829010009766,1.6596115451388889,1
29.598055124282837,0.0,203.0,196.0,20.961687088012695,1.6867209201388889,0
29.631219148635864,0.0,204.0,197.0,20.88541030883789,1.7163715277777778,1
29.66463851928711,0.0,204.0,197.0,20.841135025024414,1.6926519097222221,0
29.697855472564697,0.0,204.0,197.0,20.761024475097656,1.6113194444444445,0
29.731244325637817,0.0,205.0,198.0,20.79377555847168,1.5912543402777777,0
29.764480113983154,0.0,206.0,198.0,20.75543212890625,1.7252983940972222,0
29.797895908355713,0.0,207.0,200.0,20.749073028564453,1.7853895399305555,0
29.831276655197144,0.0,207.0,200.0,20.69149398803711,1.6990418836805556,0
29.864354372024536,0.0,207.0,200.0,20.660118103027344,1.6250694444444445,0
29.897881269454956,0.0,209.0,201.0,20.609394073486328,1.6882747395833333,0
29.9307963848114,0.0,209.0,200.0,20.395891189575195,1.7445713975694443,0
29.964221000671387,0.0,211.0,201.0,20.483612060546875,1.6830891927083333,0
29.997552156448364,0.0,212.0,202.0,20.512157440185547,1.6252615017361112,0
30.031126022338867,0.0,212.0,202.0,20.436357498168945,1.672646484375,0
30.06440544128418,0.0,213.0,202.0,20.391660690307617,1.6607823350694444,0
30.097490787506104,0.0,214.0,202.0,20.39786148071289,1.6493294270833334,0
30.13102889060974,0.0,214.0,202.0,20.291200637817383,1.7069108072916668,0
30.164154767990112,0.0,214.0,201.0,20.144248962402344,1.7569672309027777,0
30.197418212890625,0.0,216.0,201.0,20.1065731048584,1.6991710069444443,1
30.231303691864014,0.0,216.0,201.0,20.047883987426758,1.6413595920138888,1
30.264305353164673,0.0,216.0,199.0,20.002750396728516,1.6285112847222223,0
30.297228813171387,0.0,216.0,196.0,19.964433670043945,1.6643370225694445,0
30.363874912261963,0.0,216.0,187.0,19.76553726196289,1.9857682291666667,1
30.397265195846558,0.0,215.0,184.0,19.652873992919922,1.5642534722222223,1
30.430476188659668,0.0,213.0,180.0,19.46373176574707,1.5921061197916666,0
30.46381711959839,0.0,211.0,174.0,19.423925399780273,1.771554904513889,0
30.497354984283447,0.0,209.0,167.0,19.39634132385254,1.7893489583333333,0
30.530373573303223,0.0,204.0,162.0,19.26702880859375,1.7046419270833333,0
30.56398868560791,0.0,200.0,158.0,19.172832489013672,1.6687673611111111,1
30.596978902816772,0.0,194.0,156.0,19.11033821105957,1.7087510850694445,0
30.663545608520508,0.0,182.0,153.0,18.769290924072266,2.0645594618055556,0
30.696969747543335,0.0,178.0,153.0,18.844907760620117,1.6401497395833333,0
30.73064112663269,0.0,171.0,153.0,18.72742462158203,1.6495638020833334,0
30.763758182525635,0.0,168.0,152.0,18.65909767150879,1.6239019097222223,0
30.79674005508423,0.0,163.0,151.0,18.644716262817383,1.6521430121527778,0
30.830185174942017,0.0,159.0,150.0,18.556358337402344,1.6912098524305557,1
30.86336660385132,0.0,156.0,149.0,18.48279571533203,1.6654188368055556,1
30.89685344696045,0.0,155.0,149.0,18.355592727661133,1.6479253472222222,0
30.930052280426025,0.0,153.0,147.0,18.233633041381836,1.6419878472222222,0
30.963407278060913,0.0,153.0,147.0,18.248554229736328,1.6252506510416667,1
30.996490716934204,0.0,154.0,147.0,18.294179916381836,1.6328765190972223,0
31.030040979385376,0.0,153.0,147.0,18.220752716064453,1.6780013020833333,0
31.063322067260742,0.0,153.0,147.0,18.161298751831055,1.6514539930555556,0
31.096570253372192,0.0,152.0,146.0,18.144346237182617,1.6072265625,0
31.129863023757935,0.0,153.0,146.0,18.107145309448242,1.5992936197916667,0
31.163090705871582,0.0,151.0,145.0,17.881254196166992,1.7094194878472222,0
31.196425437927246,0.0,151.0,146.0,17.941707611083984,1.69076171875,0
31.23006510734558,0.0,151.0,145.0,17.88006019592285,1.632898220486111,1
31.262845754623413,0.0,151.0,145.0,17.835498809814453,1.5826616753472222,0
31.2961368560791,0.0,151.0,145.0,17.77472686767578,1.6131184895833333,0
31.32952904701233,0.0,150.0,145.0,17.73969078063965,1.6697211371527778,0
31.363209009170532,0.0,150.0,144.0,17.667997360229492,1.6489268663194445,0
31.39635992050171,0.0,149.0,144.0,17.57611656188965,1.6102180989583332,1
31.430058479309082,0.0,149.0,143.0,17.469804763793945,1.6188346354166667,1
31.462958335876465,0.0,149.0,143.0,17.422687530517578,1.620954861111111,1
31.496317148208618,0.0,149.0,143.0,17.404254913330078,1.6250336371527778,1
31.529589414596558,0.0,148.0,143.0,17.35750389099121,1.6438671875,0
31.562517166137695,0.0,148.0,143.0,17.26207733154297,1.6200846354166667,0
31.596200227737427,0.0,147.0,142.0,17.213014602661133,1.639306640625,1
31.62965154647827,0.0,148.0,142.0,17.156490325927734,1.6481239149305555,1
31.662986993789673,0.0,147.0,140.0,16.915729522705078,1.659482421875,0
31.69623899459839,0.0,147.0,140.0,16.956941604614258,1.6026920572916667,0
31.72962212562561,0.0,147.0,140.0,16.968095779418945,1.65451171875,0
31.76265835762024,0.0,147.0,139.0,16.887224197387695,1.6581119791666667,1
31.79592776298523,0.0,147.0,138.0,16.84552001953125,1.57439453125,1
31.829126596450806,0.0,147.0,138.0,16.8192081451416,1.5967621527777778,0
31.86250138282776,0.0,147.0,137.0,16.764055252075195,1.702004123263889,0
31.895962953567505,0.0,146.0,135.0,16.612262725830078,1.7127788628472222,1
31.929893970489502,0.0,147.0,134.0,16.522708892822266,1.6346929253472222,0
31.962555408477783,0.0,147.0,134.0,16.571781158447266,1.6183485243055555,0
31.995821714401245,0.0,147.0,132.0,16.51505470275879,1.6740950520833333,0
32.02915096282959,0.0,147.0,132.0,16.506507873535156,1.6764290364583334,0
32.062439918518066,0.0,147.0,131.0,16.44437599182129,1.631240234375,0
32.095494985580444,0.0,147.0,130.0,16.398548126220703,1.615148654513889,0
32.12916111946106,0.0,147.0,129.0,16.39820671081543,1.6039246961805556,1
32.1622200012207,0.0,146.0,127.0,16.192224502563477,1.668054470486111,1
32.195374488830566,0.0,146.0,126.0,16.226512908935547,1.6637934027777779,0
32.228997468948364,0.0,147.0,126.0,16.291507720947266,1.6627452256944444,0
32.26232028007507,0.0,147.0,125.0,16.227760314941406,1.6403428819444446,0
32.295435190200806,0.0,146.0,123.0,16.200965881347656,1.6535188802083334,1
32.328861236572266,0.0,147.0,122.0,16.19910430908203,1.6721625434027778,0
32.36222267150879,0.0,147.0,121.0,16.188753128051758,1.6492708333333332,1
32.39540362358093,0.0,146.0,120.0,16.05167579650879,1.6276171875,0
32.42851758003235,0.0,147.0,119.0,16.12080955505371,1.671923828125,0
32.46208453178406,0.0,147.0,118.0,16.061969757080078,1.654675564236111,0
32.49529457092285,0.0,147.0,117.0,16.06501007080078,1.561613498263889,1
32.52872395515442,0.0,147.0,116.0,16.100614547729492,1.6158094618055556,0
32.561816930770874,0.0,147.0,114.0,16.073863983154297,1.666374782986111,0
32.59509754180908,0.0,147.0,113.0,16.04478645324707,1.6527007378472223,0
32.628520488739014,0.0,147.0,112.0,16.054271697998047,1.5950206163194445,0
32.66166687011719,0.0,146.0,111.0,15.892083168029785,1.5871061197916667,0
32.695133447647095,0.0,146.0,110.0,15.93941593170166,1.592917751736111,0
32.72860527038574,0.0,147.0,109.0,16.042482376098633,1.6671766493055555,0
32.76159405708313,0.0,146.0,108.0,16.03192138671875,1.675378689236111,0
32.79521322250366,0.0,146.0,107.0,16.011438369750977,1.6359971788194445,1
32.82843518257141,0.0,147.0,107.0,16.028812408447266,1.609248046875,0
32.861552238464355,0.0,147.0,107.0,16.06861114501953,1.6552115885416667,1
32.895024061203,0.0,146.0,107.0,15.939996719360352,1.6821961805555556,0
32.92834496498108,0.0,147.0,108.0,16.050334930419922,1.674072265625,1
32.96147179603577,0.0,147.0,110.0,16.027177810668945,1.628759765625,0
32.99458360671997,0.0,147.0,111.0,16.05990982055664,1.6608669704861112,0
33.028064012527466,0.0,147.0,113.0,16.104774475097656,1.6706901041666666,1
33.06147909164429,0.0,147.0,114.0,16.119661331176758,1.6413812934027778,0
33.094902992248535,0.0,147.0,115.0,16.13067054748535,1.6350010850694445,0
33.128002405166626,0.0,146.0,116.0,16.15142822265625,1.6594292534722221,0
33.16138696670532,0.0,146.0,118.0,16.048608779907227,1.6799717881944445,1
33.19465374946594,0.0,146.0,119.0,16.105772018432617,1.6262858072916666,0
33.22789669036865,0.0,146.0,120.0,16.194759368896484,1.6643804253472223,0
33.26118445396423,0.0,147.0,122.0,16.255229949951172,1.6756391059027778,0
33.29450583457947,0.0,146.0,123.0,16.260330200195312,1.691511501736111,0
33.3277542591095,0.0,146.0,125.0,16.309247970581055,1.6761870659722222,0
33.36105155944824,0.0,146.0,126.0,16.371091842651367,1.6667154947916667,0
33.394487380981445,0.0,146.0,127.0,16.244794845581055,1.645419921875,1
33.42764139175415,0.0,146.0,128.0,16.332988739013672,1.65908203125,0
33.460981130599976,0.0,146.0,130.0,16.41779899597168,1.6718967013888888,1
33.494232177734375,0.0,147.0,130.0,16.44603729248047,1.6450260416666667,0
33.527565717697144,0.0,146.0,131.0,16.45665740966797,1.5934722222222222,1
33.56183576583862,0.0,146.0,132.0,16.509014129638672,1.6599077690972222,0
33.594173192977905,0.0,146.0,133.0,16.57624626159668,1.7137141927083333,0
33.62754940986633,0.0,146.0,134.0,16.5402889251709,1.66697265625,1
33.66083574295044,0.0,146.0,134.0,16.525142669677734,1.6085753038194444,0
33.694397926330566,0.0,146.0,135.0,16.592864990234375,1.6440831163194445,1
33.72744154930115,0.0,146.0,136.0,16.65729522705078,1.6984939236111112,1
33.760597467422485,0.0,146.0,137.0,16.76898765563965,1.6685709635416666,0
33.7940878868103,0.0,147.0,138.0,16.772424697875977,1.6152701822916666,0
33.827221155166626,0.0,146.0,138.0,16.80326271057129,1.6235525173611112,1
33.86055541038513,0.0,147.0,139.0,16.892152786254883,1.6272536892361111,0
33.8938045501709,0.0,147.0,139.0,16.779876708984375,1.586796875,1
33.927119970321655,0.0,149.0,140.0,16.856008529663086,1.643849826388889,1
33.96038460731506,0.0,150.0,142.0,17.007061004638672,1.7012847222222223,1
33.99379229545593,0.0,151.0,143.0,17.021350860595703,1.6869194878472222,0
34.02701497077942,0.0,152.0,143.0,17.070528030395508,1.6760818142361111,0
34.06026315689087,0.0,153.0,144.0,17.15154457092285,1.6704926215277778,1
34.09379482269287,0.0,154.0,145.0,17.21873664855957,1.6571723090277777,1
34.127033710479736,0.0,155.0,146.0,17.175905227661133,1.634421657986111,1
34.160189628601074,0.0,156.0,147.0,17.26580238342285,1.6809201388888888,1
34.19366478919983,0.0,156.0,147.0,17.296735763549805,1.6601671006944445,1
34.227017641067505,0.0,157.0,148.0,17.34368896484375,1.6188671875,0
34.260151386260986,0.0,158.0,149.0,17.44953155517578,1.6620985243055555,0
34.32703614234924,0.0,159.0,149.0,17.49408531188965,1.997658420138889,0
34.36000919342041,0.0,160.0,150.0,17.595605850219727,1.671545138888889,1
34.3935329914093,0.0,159.0,149.0,17.491514205932617,1.6531597222222223,0
34.42682766914368,0.0,159.0,150.0,17.51516342163086,1.6761219618055556,0
34.46000814437866,0.0,160.0,151.0,17.67156982421875,1.702980685763889,0
34.493324995040894,0.0,161.0,151.0,17.68726348876953,1.6881749131944443,0
34.52653789520264,0.0,161.0,151.0,17.704133987426758,1.6555826822916666,0
34.56008791923523,0.0,161.0,151.0,17.769407272338867,1.6744498697916668,1
34.59327840805054,0.0,162.0,152.0,17.840435028076172,1.6913747829861112,0
34.62639784812927,0.0,160.0,152.0,17.781156539916992,1.705427517361111,0
34.65960741043091,0.0,161.0,153.0,17.899639129638672,1.6716395399305555,0
34.69328999519348,0.0,161.0,152.0,17.882038116455078,1.6982161458333334,0
34.72646522521973,0.0,161.0,153.0,17.9883975982666,1.703074001736111,0
34.759822607040405,0.0,161.0,153.0,18.089553833007812,1.6734624565972223,0
34.79302215576172,0.0,161.0,153.0,18.14434242248535,1.657380642361111,1
34.82640814781189,0.0,161.0,153.0,18.199687957763672,1.6748328993055555,0
34.85936760902405,0.0,162.0,154.0,18.303203582763672,1.7551041666666667,1
34.89295506477356,0.0,162.0,154.0,18.26759910583496,1.6728949652777778,1
34.92622113227844,0.0,165.0,154.0,18.285953521728516,1.6016742621527778,0
34.95952343940735,0.0,172.0,156.0,18.499908447265625,1.7308626302083334,1
34.99286508560181,0.0,180.0,157.0,18.633100509643555,1.777453342013889,0
